rang,ticker,nom,PEG LT,rdt espéré %,PEG N+1,rang PEG LT,rang rdt,rang PEG N+1,pénalité Zacks,score
1,6669.TW,Wiwynn Corporation,0.32,30.17,0.12,100.0,96.3,100.0,0,98.9
2,NU,Nu Holdings,0.58,25.48,0.31,94.4,92.6,90.7,0,93.1
3,VTEX,VTEX,0.65,32.58,0.46,92.6,100.0,77.8,0,91.9
4,FLUT,Flutter Entertainment plc,0.45,31.36,0.17,98.1,98.1,98.1,10,88.1
5,300750.SZ,CATL (Contemporary Amperex Technology),0.81,21.8,0.3,85.2,77.8,96.3,0,85.2
6,DLO,dLocal Limited,0.76,23.28,0.5,87.0,88.9,70.4,0,84.3
7,PAX,Patria Investments Limited,0.57,19.08,0.47,96.3,53.7,75.9,0,79.4
8,1810.HK,Xiaomi,0.91,21.43,0.4,77.8,74.1,87.0,0,78.5
9,AVGO,Broadcom,0.96,22.28,0.35,72.2,81.5,88.9,0,78.3
10,ORCL,Oracle,0.82,21.93,0.62,83.3,79.6,53.7,0,76.3
11,RHM,Rheinmetall AG,0.97,21.45,0.4,66.7,75.9,85.2,0,73.1
12,2383.TW,Elite Material (EMC),0.99,23.18,0.43,61.1,87.0,79.6,0,72.6
13,9992.HK,Pop Mart International,0.85,21.09,0.57,81.5,66.7,59.3,0,72.6
14,ALNY,Alnylam Pharmaceuticals,0.97,22.77,0.48,63.0,85.2,72.2,0,71.5
15,CRDO,Credo Technology,1.03,25.36,0.47,46.3,90.7,74.1,0,65.2
16,TMDX,TransMedics Group,0.96,29.49,0.52,68.5,94.4,63.0,10,65.2
17,RDDT,Reddit,0.99,22.4,0.65,59.3,83.3,51.9,0,65.0
18,AFYA,Afya Limited,0.69,15.28,0.67,88.9,35.2,48.1,0,64.6
19,PODD,Insulet,0.95,19.77,0.68,74.1,61.1,46.3,0,64.6
20,APP,AppLovin,0.95,17.68,0.5,75.9,44.4,64.8,0,64.3
21,CPA,"Copa Holdings, S.A. (Class A shares, NYSE)",0.86,11.11,0.3,79.6,11.1,94.4,0,62.0
22,SE,Sea Ltd,0.97,21.42,0.41,64.8,72.2,81.5,10,60.4
23,UBER,Uber Technologies,1.0,16.94,0.41,57.4,42.6,83.3,0,58.1
24,GLOB,Globant S.A.,0.67,13.13,0.89,90.7,20.4,24.1,0,56.3
25,NVDA,NVIDIA,1.14,17.78,0.31,35.2,46.3,92.6,0,50.0
26,3661.TW,Alchip Technologies,1.07,20.25,0.6,38.9,64.8,55.6,0,50.0
27,ADYEN,Adyen N.V.,1.01,19.08,0.81,55.6,51.9,31.5,0,49.6
28,012450.KS,Hanwha Aerospace,1.02,19.04,0.72,51.9,50.0,42.6,0,49.4
29,0700.HK,Tencent Holdings,0.96,14.35,1.15,70.4,25.9,14.8,0,45.9
30,COHR,Coherent,1.24,19.39,0.5,27.8,57.4,66.7,0,44.4
31,GRAB,Grab Holdings,1.07,21.4,"n.d. (2,0)",42.6,70.4,3.7,0,43.1
32,2317.TW,Hon Hai Precision Industry (Foxconn),1.03,13.6,0.54,48.1,22.2,61.1,0,43.0
33,DUOL,Duolingo,1.07,21.16,1.2,37.0,68.5,11.1,0,41.3
34,7013.T,IHI Corp,1.02,16.21,1.49,50.0,38.9,9.3,0,38.5
35,EMBJ,Embraer S.A. (ADR; NYSE ticker changed from ERJ to EMBJ),1.21,16.71,0.69,29.6,40.7,44.4,0,35.9
36,3017.TW,Asia Vital Components (AVC),1.36,18.33,0.6,16.7,48.1,57.4,0,34.3
37,GFNORTEO.MX,"Grupo Financiero Banorte, S.A.B. de C.V.",1.01,9.35,0.82,53.7,3.7,29.6,0,33.9
38,2382.TW,Quanta Computer Inc.,1.07,13.03,0.75,40.7,18.5,38.9,0,33.7
39,ARGX,argenx SE,1.31,19.19,1.01,22.2,55.6,18.5,0,31.5
40,NTES,NetEase,1.17,11.94,0.67,33.3,14.8,50.0,0,31.1
41,PGHN,Partners Group Holding AG,1.18,14.44,0.83,31.5,27.8,27.8,0,29.6
42,TSM,TSMC,1.34,15.37,0.76,20.4,37.0,35.2,0,28.3
43,079550.KS,LIG Nex1 (LIG Defense & Aerospace),1.46,15.22,0.5,7.4,31.5,68.5,0,26.9
44,ARCO,"Arcos Dorados Holdings Inc. (Class A shares, NYSE) – McDonald's master franchisee for Latin America",1.06,9.76,1.7,44.4,9.3,7.4,0,26.5
45,267260.KS,HD Hyundai Electric,1.35,13.7,0.75,18.5,24.1,37.0,0,23.9
46,HAG,HENSOLDT AG,1.5,19.91,0.95,0.0,63.0,22.2,0,23.3
47,CLS,Celestica,1.43,15.27,0.73,9.3,33.3,40.7,0,22.8
48,CVNA,Carvana,1.48,19.46,1.08,1.9,59.3,16.7,0,22.0
49,LDO,Leonardo S.p.A.,1.28,11.8,0.87,25.9,13.0,25.9,0,22.0
50,UCB,UCB SA,1.29,9.64,0.97,24.1,7.4,20.4,0,18.3
51,8136.T,Sanrio Co,1.41,14.98,2.07,13.0,29.6,1.9,0,15.7
52,LSEG,London Stock Exchange Group plc,1.41,9.25,0.79,14.8,1.9,33.3,0,14.6
53,AMZN,Amazon,1.47,12.77,"n.d. (2,0)",3.7,16.7,3.7,0,7.6
54,PAC,"Grupo Aeroportuario del Pacífico, S.A.B. de C.V. (ADS)",1.46,6.87,1.15,5.6,0.0,13.0,0,5.4
55,NFLX,Netflix,1.42,9.57,2.72,11.1,5.6,0.0,5,2.2
