ticker,nom,poids brut %,poids renormalisé %,P/E NTM,g central,PEG LT,rdt espéré %,cyclique
NVDA,NVIDIA,8.85,11.26,17.1,15.0,1.14,17.78,non
AAPL,Apple,7.46,9.49,34.9,9.0,3.87,-1.52,non
GOOGL,Alphabet,6.04,7.68,23.2,15.0,1.55,11.53,non
MSFT,Microsoft,5.91,7.52,24.7,15.0,1.65,11.16,non
MU,Micron Technology,5.03,6.4,7.1,,,4.33,oui
AMZN,Amazon,4.42,5.62,23.5,16.0,1.47,12.77,non
AMD,Advanced Micro Devices,3.41,4.34,47.5,18.0,2.64,12.12,non
META,Meta Platforms,2.9,3.69,21.6,12.0,1.8,8.04,non
TSLA,Tesla,2.81,3.57,137.0,25.0,5.48,15.09,non
AVGO,Broadcom,2.69,3.42,19.1,20.0,0.96,22.28,non
WMT,Walmart,2.3,2.93,33.4,9.0,3.71,-0.51,non
INTC,Intel,2.11,2.68,65.2,20.0,3.26,13.02,non
CSCO,Cisco,1.89,2.4,20.9,7.0,2.99,0.2,non
COST,Costco,1.78,2.26,40.1,10.0,4.01,-0.75,non
PLTR,Palantir,1.75,2.23,89.2,30.0,2.97,20.33,non
LRCX,Lam Research,1.69,2.15,34.1,10.0,3.41,0.99,non
AMAT,Applied Materials,1.58,2.01,29.3,10.0,2.93,2.27,non
NFLX,Netflix,1.44,1.83,18.5,13.0,1.42,9.57,non
SPCX,SpaceX,1.24,1.58,127.3,30.0,4.24,21.16,non
PANW,Palo Alto Networks,1.19,1.51,92.0,15.0,6.13,1.42,non
SNDK,Sandisk,1.13,1.44,8.3,,,-2.67,oui
KLAC,KLA,1.06,1.35,34.6,10.0,3.46,0.94,non
AMGN,Amgen,1.04,1.32,17.5,5.0,3.51,-2.24,non
TXN,Texas Instruments,1.03,1.31,29.5,12.0,2.46,5.6,non
CRWD,CrowdStrike Holdings,0.95,1.21,177.1,22.0,8.05,6.26,non
MRVL,Marvell Technology,0.86,1.09,45.1,18.0,2.51,11.64,non
SHOP,Shopify,0.78,0.99,62.9,22.0,2.86,12.94,non
ASML,ASML,0.69,0.88,33.0,14.0,2.36,7.74,non
VRTX,Vertex Pharmaceuticals,0.61,0.78,25.0,10.0,2.5,2.29,non
ISRG,Intuitive Surgical,0.57,0.73,33.9,12.0,2.82,2.96,non
CEG,Constellation Energy,0.47,0.6,19.6,9.0,2.17,4.08,non
MELI,MercadoLibre,0.44,0.56,33.4,22.0,1.52,18.06,non
APP,AppLovin,0.43,0.55,15.2,16.0,0.95,17.68,non
DASH,DoorDash,0.38,0.48,46.0,28.0,1.64,24.12,non
ABNB,Airbnb,0.33,0.42,26.8,12.0,2.24,5.48,non
DDOG,Datadog,0.31,0.39,93.9,20.0,4.69,6.78,non
LITE,Lumentum,0.3,0.38,39.8,22.0,1.81,17.36,non
ALAB,Astera Labs,0.23,0.29,62.8,25.0,2.51,17.23,non
AXON,Axon Enterprise,0.18,0.23,42.6,20.0,2.13,14.51,non
TTWO,Take-Two Interactive,0.17,0.22,30.1,20.0,1.51,17.42,non
ALNY,Alnylam Pharmaceuticals,0.16,0.2,21.3,22.0,0.97,22.77,non
