ticker,nom,région,thème,devise,cours,BPA CY2026,BPA CY2027,BPA CY2028,BPA NTM,P/E NTM,P/E N+1,croiss. N+1 %,croiss. N+2 %,PEG N+1,g pess,g central,g opt,PEG LT,zone PEG 1,"zone PEG 0,8",P/E sortie pess,P/E sortie central,P/E sortie opt,cours fin pess,cours fin central,cours fin opt,rdt annuel pess,rdt annuel central,rdt annuel opt,rdt annuel espéré,cyclique,score Lynch,notes
6669.TW,Wiwynn Corporation,Asie,IA calcul,TWD,2090.0,345.94,470.15,540.672,439.097,4.76,4.45,35.9,15.0,0.12,3.0,15.0,22.0,0.32,6586.46,5269.17,3.8,9.9,7.1,1881.85,7587.59,6945.07,-2.59,38.04,35.02,30.17,non,98.9,
NU,Nu Holdings,Amérique du Sud,Fintech émergente,USD,12.66,0.864,1.166,1.41,1.091,11.61,10.86,35.0,20.9,0.31,8.0,20.0,28.0,0.58,21.81,17.45,9.3,15.0,15.0,13.78,33.92,43.91,2.14,27.94,36.47,25.48,non,93.1,
VTEX,VTEX,Amérique du Sud,Internet et IA applicative,USD,3.65,0.18,0.24,0.276,0.225,16.22,15.21,33.3,15.0,0.46,10.0,25.0,35.0,0.65,5.62,4.5,13.0,20.6,24.3,4.28,11.32,18.19,4.03,32.71,49.4,32.58,non,91.9,
FLUT,Flutter Entertainment plc,Europe,Consommation et divertissement,USD,74.54,5.9,9.01,12.09,8.232,9.05,8.27,52.7,34.2,0.17,5.0,20.0,30.0,0.45,164.65,131.72,7.2,14.5,13.6,72.48,247.99,319.34,-0.7,35.06,43.87,31.36,non,88.1,"croissance N+1 de 52.7 % : aberration à expliquer (effet de base, perte ou élément ponctuel)"
300750.SZ,CATL (Contemporary Amperex Technology),Asie,Électrification et réseaux,CNY,286.8,18.37,25.38,29.9,23.628,12.14,11.3,38.2,17.8,0.3,3.0,15.0,22.0,0.81,354.41,283.53,7.5,13.6,18.0,199.45,560.74,942.17,-6.15,21.52,38.36,21.8,non,85.2,"signalée cyclique par la recherche, traitée en croissance avec plafond de P/E bas (hyp.)"
DLO,dLocal Limited,Amérique du Sud,Fintech émergente,USD,13.76,0.84,1.06,1.219,1.005,13.69,12.98,26.2,15.0,0.5,8.0,18.0,25.0,0.76,18.09,14.47,11.0,15.8,20.5,14.98,30.88,50.39,2.14,22.39,38.34,23.28,non,84.3,
PAX,Patria Investments Limited,Amérique du Sud,Fintech émergente,USD,10.13,1.35,1.54,1.757,1.493,6.79,6.58,14.1,14.1,0.47,5.0,12.0,16.0,0.57,17.91,14.33,5.4,9.4,10.2,9.85,22.06,27.51,-0.7,21.48,28.38,19.08,non,79.4,
1810.HK,Xiaomi,Asie,Consommation et divertissement,HKD,25.24,1.194,1.65,1.898,1.536,16.43,15.29,38.2,15.0,0.4,5.0,18.0,28.0,0.91,27.65,22.12,8.2,17.2,24.6,15.34,51.27,101.63,-11.71,19.39,41.66,21.43,non,78.5,
AVGO,Broadcom,États-Unis,IA calcul,USD,351.19,12.998,20.177,26.506,18.382,19.11,17.41,55.2,31.4,0.35,8.0,20.0,30.0,0.96,367.64,294.11,12.0,19.6,24.0,300.1,745.28,1260.03,-3.15,21.58,38.63,22.28,non,78.3,"croissance N+1 de 55.2 % : aberration à expliquer (effet de base, perte ou élément ponctuel)"
ORCL,Oracle,États-Unis,IA calcul,USD,137.3,7.916,9.718,14.027,9.268,14.81,14.13,22.8,44.3,0.62,0.0,18.0,24.0,0.82,166.82,133.46,7.5,16.4,22.2,69.51,294.81,486.91,-14.43,22.81,39.22,21.93,non,76.3,
RHM,Rheinmetall AG,Europe,Défense,EUR,956.4,37.09,53.57,74.5,49.45,19.34,17.85,44.4,39.1,0.4,8.0,20.0,30.0,0.97,989.0,791.2,12.0,19.7,22.0,807.31,2016.99,3107.15,-3.04,21.91,35.81,21.45,non,73.1,
2383.TW,Elite Material (EMC),Asie,IA réseau et optique,TWD,4920.0,115.2,227.7,364.1,199.575,24.65,21.61,97.7,59.9,0.43,5.0,25.0,35.0,0.99,4989.38,3991.5,12.3,24.8,26.0,2990.15,12096.41,17235.13,-11.26,25.85,37.49,23.18,non,72.6,"croissance N+1 de 97.7 % : aberration à expliquer (effet de base, perte ou élément ponctuel)"
9992.HK,Pop Mart International,Asie,Consommation et divertissement,HKD,152.6,10.312,12.513,15.86,11.962,12.76,12.2,21.3,26.8,0.57,0.0,15.0,25.0,0.85,179.44,143.55,7.5,13.9,19.1,89.72,290.37,558.84,-10.99,19.39,40.62,21.09,non,72.6,
ALNY,Alnylam Pharmaceuticals,États-Unis,Santé,USD,246.74,8.85,12.47,14.44,11.565,21.34,19.79,40.9,15.8,0.48,10.0,22.0,32.0,0.97,254.43,203.54,15.0,21.7,25.0,253.98,555.13,877.77,0.73,22.47,37.34,22.77,non,71.5,
CRDO,Credo Technology,États-Unis,IA réseau et optique,USD,194.79,5.307,8.277,10.23,7.534,25.85,23.53,56.0,23.6,0.47,0.0,25.0,35.0,1.03,188.35,150.68,12.9,25.9,35.0,97.39,475.56,875.87,-15.91,25.0,45.62,25.36,non,65.2,"signalée cyclique par la recherche, traitée en croissance avec plafond de P/E bas (hyp.) ; croissance N+1 de 56.0 % : aberration à expliquer (effet de base, perte ou élément ponctuel)"
TMDX,TransMedics Group,États-Unis,Autres,USD,83.45,1.97,3.2,4.63,2.893,28.85,26.08,62.4,44.7,0.52,10.0,30.0,40.0,0.96,86.78,69.42,15.0,29.4,35.0,63.52,243.09,388.91,-6.59,30.64,46.93,29.49,non,65.2,"croissance N+1 de 62.4 % : aberration à expliquer (effet de base, perte ou élément ponctuel)"
RDDT,Reddit,États-Unis,Internet et IA applicative,USD,142.44,5.27,6.94,7.981,6.522,21.84,20.52,31.7,15.0,0.65,5.0,22.0,30.0,0.99,143.5,114.8,10.9,21.9,30.0,86.57,316.72,558.87,-11.71,22.11,40.74,22.4,non,65.0,
AFYA,Afya Limited,Amérique du Sud,Santé,USD,13.73,1.86,2.046,2.251,2.0,6.87,6.71,10.0,10.0,0.67,4.0,10.0,14.0,0.69,20.0,16.0,5.5,8.4,10.3,12.85,24.69,34.78,-1.64,15.8,26.16,15.28,non,64.6,"FY2027 extrapolé à +10 % (hyp., un seul exercice disponible)"
PODD,Insulet,États-Unis,Santé,USD,130.47,6.45,7.99,9.188,7.605,17.16,16.33,23.9,15.0,0.68,8.0,18.0,24.0,0.95,136.89,109.51,12.0,17.6,24.0,124.16,259.18,431.52,-1.23,18.72,34.86,19.77,non,64.6,
APP,AppLovin,États-Unis,Internet et IA applicative,USD,290.43,15.76,20.25,27.76,19.128,15.18,14.34,28.5,37.1,0.5,-5.0,16.0,24.0,0.95,306.04,244.83,7.6,15.6,22.8,118.28,540.0,1029.96,-20.11,16.77,37.23,17.68,non,64.3,
CPA,"Copa Holdings, S.A. (Class A shares, NYSE)",Amérique du Sud,Aéronautique,USD,131.85,16.38,19.99,23.57,19.087,6.91,6.6,22.0,17.9,0.3,0.0,8.0,12.0,0.86,152.7,122.16,5.5,7.5,10.4,105.48,193.56,311.2,-5.43,10.07,23.95,11.11,non,62.0,
SE,Sea Ltd,Asie,Fintech émergente,USD,97.36,3.79,5.43,6.244,5.02,19.39,17.93,43.3,15.0,0.41,5.0,20.0,28.0,0.97,100.4,80.32,9.7,19.7,28.0,59.17,205.04,377.31,-11.71,20.47,40.31,21.42,non,60.4,
UBER,Uber Technologies,États-Unis,Mobilité et robotaxi,USD,68.51,3.355,4.591,5.73,4.282,16.0,14.92,36.8,24.8,0.41,5.0,16.0,24.0,1.0,68.51,54.81,8.0,16.0,22.0,41.64,124.05,222.72,-11.71,16.0,34.28,16.94,non,58.1,
GLOB,Globant S.A.,Amérique du Sud,Services IT,USD,34.7,6.2,6.57,6.962,6.478,5.36,5.28,6.0,6.0,0.89,0.0,8.0,12.0,0.67,51.82,41.46,4.3,6.7,8.0,27.76,58.85,81.9,-5.43,14.12,23.95,13.13,non,56.3,
NVDA,NVIDIA,États-Unis,IA calcul,USD,228.38,8.877,14.823,17.438,13.337,17.12,15.41,67.0,17.6,0.31,0.0,15.0,25.0,1.14,200.05,160.04,8.6,17.1,25.0,114.19,399.44,814.01,-15.54,15.51,38.01,17.78,non,50.0,"croissance N+1 de 67.0 % : aberration à expliquer (effet de base, perte ou élément ponctuel)"
3661.TW,Alchip Technologies,Asie,IA calcul,TWD,3740.0,139.83,186.69,260.93,174.975,21.37,20.03,33.5,39.8,0.6,5.0,20.0,35.0,1.07,3499.5,2799.6,10.7,21.4,21.4,2273.0,7755.26,12422.43,-10.93,21.06,36.19,20.25,non,50.0,
ADYEN,Adyen N.V.,Europe,Fintech émergente,EUR,876.6,39.1,47.9,58.8,45.7,19.18,18.3,22.5,22.8,0.81,8.0,19.0,25.0,1.01,868.3,694.64,12.0,19.2,25.0,746.09,1757.88,2789.31,-3.95,19.0,33.56,19.08,non,49.6,
012450.KS,Hanwha Aerospace,Asie,Défense,KRW,1034000.0,47865.61,59474.45,74543.0,56572.24,18.28,17.39,24.3,25.3,0.72,5.0,18.0,25.0,1.02,1018300.32,814640.26,9.1,18.3,25.0,628416.73,2004696.2,3452895.51,-11.12,18.78,36.07,19.04,non,49.4,
0700.HK,Tencent Holdings,Asie,Internet et IA applicative,HKD,431.0,34.799,38.216,41.97,37.362,11.54,11.28,9.8,9.8,1.15,5.0,12.0,16.0,0.96,448.34,358.68,7.5,11.8,16.0,340.6,691.83,1082.39,-4.56,13.94,27.43,14.35,non,45.9,
COHR,Coherent,États-Unis,IA réseau et optique,USD,287.81,7.495,11.54,14.727,10.529,27.34,24.94,54.0,27.6,0.5,3.0,22.0,30.0,1.24,231.63,185.31,13.7,27.3,30.0,161.97,637.6,902.13,-13.39,22.0,33.06,19.39,non,44.4,"signalée cyclique par la recherche, traitée en croissance avec plafond de P/E bas (hyp.) ; croissance N+1 de 54.0 % : aberration à expliquer (effet de base, perte ou élément ponctuel)"
GRAB,Grab Holdings,Asie,Mobilité et robotaxi,USD,3.11,0.13,0.133,0.135,0.133,23.47,23.47,1.9,1.9,,5.0,22.0,30.0,1.07,2.92,2.33,11.7,23.5,30.0,1.89,6.89,11.35,-11.71,22.0,38.23,21.4,non,43.1,BPA 2026 non normalisé (élément ponctuel) : BPA NTM = BPA 2027
2317.TW,Hon Hai Precision Industry (Foxconn),Asie,IA calcul,TWD,251.5,17.52,21.36,24.564,20.4,12.33,11.77,21.9,15.0,0.54,3.0,12.0,18.0,1.03,244.8,195.84,7.5,12.3,18.0,172.2,395.74,711.92,-9.03,12.0,29.71,13.6,non,43.0,
DUOL,Duolingo,États-Unis,Internet et IA applicative,USD,142.4,6.61,7.64,8.786,7.382,19.29,18.64,15.6,15.0,1.2,8.0,18.0,28.0,1.07,132.88,106.31,12.0,19.3,28.0,120.53,276.08,554.88,-4.08,18.0,40.5,21.16,non,41.3,
7013.T,IHI Corp,Asie,Défense,JPY,2682.0,163.205,179.525,197.478,175.445,15.29,14.94,10.0,10.0,1.49,5.0,15.0,22.0,1.02,2631.67,2105.34,7.6,15.3,22.0,1629.99,4690.83,8550.72,-11.71,15.0,33.62,16.21,non,38.5,"FY2028 extrapolé à +10 % (hyp., un seul exercice disponible) ; FY2026 rétro-extrapolé (hyp.)"
EMBJ,Embraer S.A. (ADR; NYSE ticker changed from ERJ to EMBJ),Amérique du Sud,Aéronautique et défense,USD,75.32,2.82,3.66,4.209,3.45,21.83,20.58,29.8,15.0,0.69,8.0,18.0,25.0,1.21,62.1,49.68,12.0,21.8,25.0,56.32,146.03,210.57,-7.01,18.0,29.31,16.71,non,35.9,
3017.TW,Asia Vital Components (AVC),Asie,IA énergie et refroidissement,TWD,3400.0,94.9,135.0,146.0,124.975,27.21,25.19,42.3,8.1,0.6,5.0,20.0,30.0,1.36,2499.5,1999.6,13.6,27.2,27.2,2066.36,7050.24,9710.74,-11.04,20.9,30.98,18.33,non,34.3,
GFNORTEO.MX,"Grupo Financiero Banorte, S.A.B. de C.V.",Amérique du Sud,Fintech émergente,MXN,190.75,21.97,24.08,26.393,23.552,8.1,7.92,9.6,9.6,0.82,4.0,8.0,11.0,1.01,188.42,150.74,6.5,8.1,11.0,178.52,259.51,393.3,-1.64,8.0,19.83,9.35,non,33.9,
2382.TW,Quanta Computer Inc.,Asie,IA calcul,TWD,333.5,23.16,26.97,31.015,26.017,12.82,12.37,16.5,15.0,0.75,3.0,12.0,18.0,1.07,312.21,249.77,7.5,12.8,18.0,219.62,524.77,907.96,-9.92,12.0,28.45,13.03,non,33.7,
ARGX,argenx SE,Europe,Santé,EUR,848.8,24.4,31.0,40.0,29.35,28.92,27.38,27.0,29.0,1.01,8.0,22.0,30.0,1.31,645.7,516.56,14.5,28.9,30.0,577.39,1880.38,2514.8,-9.18,22.0,31.2,19.19,non,31.5,
NTES,NetEase,Asie,Consommation et divertissement,USD,121.16,9.209,10.757,12.371,10.37,11.68,11.26,16.8,15.0,0.67,4.0,10.0,14.0,1.17,103.7,82.96,7.5,11.7,14.0,90.99,177.39,245.21,-4.64,12.68,22.18,11.94,non,31.1,
PGHN,Partners Group Holding AG,Europe,Autres,CHF,602.6,46.46,52.82,60.051,51.23,11.76,11.41,13.7,13.7,0.83,5.0,10.0,14.0,1.18,512.3,409.84,7.5,11.8,14.0,467.03,882.27,1211.36,-1.78,15.15,24.64,14.44,non,29.6,
TSM,TSMC,Asie,IA fonderie et équipement,USD,456.19,16.56,21.22,28.05,20.055,22.75,21.5,28.1,32.2,0.76,6.0,17.0,24.0,1.34,340.94,272.75,11.4,22.7,24.0,287.96,854.85,1137.94,-10.18,17.9,26.64,15.37,non,28.3,
079550.KS,LIG Nex1 (LIG Defense & Aerospace),Asie,Défense,KRW,682000.0,19037.0,28262.0,32501.3,25955.75,26.28,24.13,48.5,15.0,0.5,5.0,18.0,25.0,1.46,467203.5,373762.8,13.1,26.3,26.3,414487.63,1322246.43,1665039.06,-11.32,18.52,25.55,15.22,non,26.9,
ARCO,"Arcos Dorados Holdings Inc. (Class A shares, NYSE) – McDonald's master franchisee for Latin America",Amérique du Sud,Consommation et divertissement,USD,7.15,0.81,0.85,0.892,0.84,8.51,8.41,4.9,4.9,1.7,2.0,8.0,12.0,1.06,6.72,5.38,6.8,8.5,12.0,6.19,9.73,15.86,-3.53,8.0,22.04,9.76,non,26.5,
267260.KS,HD Hyundai Electric,Asie,Électrification et réseaux,KRW,662000.0,27351.55,34360.17,39514.195,32608.015,20.3,19.27,25.6,15.0,0.75,0.0,15.0,22.0,1.35,489120.22,391296.18,10.2,20.3,22.0,331000.0,1157842.14,1589228.58,-14.99,16.26,25.84,13.7,non,23.9,"signalée cyclique par la recherche, traitée en croissance avec plafond de P/E bas (hyp.)"
HAG,HENSOLDT AG,Europe,Défense,EUR,76.68,1.87,2.48,3.26,2.327,32.95,30.92,32.6,31.5,0.95,8.0,22.0,30.0,1.5,51.2,40.96,16.5,32.9,32.9,52.16,169.87,219.01,-8.33,23.15,31.22,19.91,non,23.3,
CLS,Celestica,États-Unis,IA calcul,USD,361.43,11.24,14.96,19.75,14.03,25.76,24.16,33.1,32.0,0.73,0.0,18.0,28.0,1.43,252.54,202.03,12.9,25.8,25.8,180.72,700.73,970.21,-15.91,18.0,28.0,15.27,non,22.8,"signalée cyclique par la recherche, traitée en croissance avec plafond de P/E bas (hyp.)"
CVNA,Carvana,États-Unis,Internet et IA applicative,USD,62.54,1.58,2.03,3.25,1.917,32.62,30.81,28.5,60.1,1.08,8.0,22.0,32.0,1.48,42.19,33.75,16.3,32.6,32.6,42.54,138.55,189.87,-9.18,22.0,32.0,19.46,non,22.0,"signalée cyclique par la recherche, traitée en croissance avec plafond de P/E bas (hyp.)"
LDO,Leonardo S.p.A.,Europe,Défense,EUR,49.0,2.39,2.86,3.3,2.743,17.87,17.13,19.7,15.4,0.87,5.0,14.0,18.0,1.28,38.4,30.72,8.9,17.9,18.0,29.78,82.76,95.71,-10.58,15.46,19.73,11.8,non,22.0,
UCB,UCB SA,Europe,Santé,EUR,205.1,11.87,13.7,16.38,13.242,15.49,14.97,15.4,19.6,0.97,5.0,12.0,16.0,1.29,158.91,127.13,7.7,15.5,16.0,124.65,322.73,383.64,-11.11,12.76,17.74,9.64,non,18.3,
8136.T,Sanrio Co,Asie,Consommation et divertissement,JPY,1177.5,51.795,56.975,62.673,55.68,21.15,20.67,10.0,10.0,2.07,5.0,15.0,25.0,1.41,835.2,668.16,10.6,21.1,25.0,715.63,2059.45,3398.44,-11.71,15.0,30.34,14.98,non,15.7,"FY2028 extrapolé à +10 % (hyp., un seul exercice disponible) ; FY2026 rétro-extrapolé (hyp.)"
LSEG,London Stock Exchange Group plc,Europe,Autres,GBp,8182.0,463.0,550.0,620.0,528.25,15.49,14.88,18.8,12.7,0.79,5.0,11.0,14.0,1.41,5810.75,4648.6,7.7,15.5,15.5,4972.64,12420.85,13819.07,-10.23,12.85,15.9,9.25,non,14.6,
AMZN,Amazon,États-Unis,Hyperscalers et plateformes,USD,249.15,13.06,10.58,10.58,10.58,23.55,23.55,-19.0,0.0,,6.0,16.0,22.0,1.47,169.28,135.42,11.8,23.5,23.5,157.27,451.12,551.95,-10.86,16.0,22.0,12.77,non,7.6,"BPA 2026 non normalisé (élément ponctuel) : BPA NTM = BPA 2027 ; croissance N+1 de -19.0 % : aberration à expliquer (effet de base, perte ou élément ponctuel)"
PAC,"Grupo Aeroportuario del Pacífico, S.A.B. de C.V. (ADS)",Amérique du Sud,Infrastructures,USD,205.41,12.86,14.444,16.222,14.048,14.62,14.22,12.3,12.3,1.15,4.0,10.0,14.0,1.46,140.48,112.38,7.5,14.6,14.6,123.25,300.74,346.93,-11.99,10.0,14.0,6.87,non,5.4,FY2027 extrapolé à +12 % (hyp.)
NFLX,Netflix,États-Unis,Internet et IA applicative,USD,69.58,3.59,3.83,4.65,3.77,18.46,18.17,6.7,21.4,2.72,6.0,13.0,17.0,1.42,49.01,39.21,9.2,18.5,18.5,43.92,113.45,130.39,-10.86,13.0,17.0,9.57,non,2.2,
AMD,Advanced Micro Devices,États-Unis,IA calcul,USD,611.76,7.48,14.67,16.87,12.872,47.52,41.7,96.1,15.0,0.83,0.0,18.0,30.0,2.64,231.7,185.36,23.8,37.3,46.3,305.88,929.95,1700.84,-15.91,11.04,29.13,12.12,non,,"croissance N+1 de 96.1 % : aberration à expliquer (effet de base, perte ou élément ponctuel)"
MRVL,Marvell Technology,États-Unis,IA calcul,USD,264.21,4.096,6.447,8.053,5.859,45.1,40.98,57.4,24.9,0.82,0.0,18.0,28.0,2.51,105.46,84.37,22.5,36.0,43.5,132.1,409.47,684.89,-15.83,11.68,27.0,11.64,non,,"signalée cyclique par la recherche, traitée en croissance avec plafond de P/E bas (hyp.) ; croissance N+1 de 57.4 % : aberration à expliquer (effet de base, perte ou élément ponctuel)"
ASML,ASML,Europe,IA fonderie et équipement,USD,1811.67,44.01,58.49,67.263,54.87,33.02,30.97,32.9,15.0,0.94,3.0,14.0,20.0,2.36,768.18,614.54,16.5,27.0,31.5,1019.53,2502.99,3585.02,-13.04,8.85,19.08,7.74,non,,"signalée cyclique par la recherche, traitée en croissance avec plafond de P/E bas (hyp.)"
LRCX,Lam Research,États-Unis,IA fonderie et équipement,USD,328.51,7.565,10.325,12.18,9.635,34.1,31.82,36.5,18.0,0.87,-3.0,10.0,16.0,3.41,96.35,77.08,17.0,24.5,29.0,145.41,346.29,506.75,-18.1,1.74,11.9,0.99,non,,
AMAT,Applied Materials,États-Unis,IA fonderie et équipement,USD,511.38,13.703,18.727,21.536,17.471,29.27,27.31,36.7,15.0,0.74,-3.0,10.0,16.0,2.93,174.71,139.77,14.6,22.1,26.6,226.36,566.2,842.56,-18.1,3.0,13.76,2.27,non,,FY2028 extrapolé à +15 % (hyp.)
KLAC,KLA,États-Unis,IA fonderie et équipement,USD,194.93,4.595,5.985,7.03,5.637,34.58,32.57,30.3,17.5,1.08,-3.0,10.0,16.0,3.46,56.37,45.1,17.3,24.8,29.3,86.29,204.6,298.96,-18.05,1.69,11.81,0.94,non,,
MU,Micron Technology,États-Unis,IA mémoire et stockage,USD,1065.11,102.09,166.372,191.328,150.302,7.09,6.4,63.0,15.0,,,,,,,,14.0,12.0,10.0,736.48,1172.35,1953.92,-8.76,2.49,16.45,4.33,oui,,"FY2028 extrapolé à +15 % (hyp.) ; croissance N+1 de 63.0 % : aberration à expliquer (effet de base, perte ou élément ponctuel)"
SNDK,Sandisk,États-Unis,IA mémoire et stockage,USD,1739.89,142.095,233.055,271.76,210.315,8.27,7.47,64.0,16.6,,,,,,,,15.0,12.0,10.0,946.42,1388.08,2523.78,-14.12,-5.49,9.74,-2.67,oui,,"croissance N+1 de 64.0 % : aberration à expliquer (effet de base, perte ou élément ponctuel)"
ANET,Arista Networks,États-Unis,IA réseau et optique,USD,203.59,4.08,5.06,5.03,4.815,42.28,40.24,24.0,-0.6,1.68,6.0,18.0,24.0,2.35,86.67,69.34,21.1,34.6,39.1,128.51,323.38,445.57,-10.86,12.26,21.63,10.65,non,,
ALAB,Astera Labs,États-Unis,IA réseau et optique,USD,355.97,3.97,6.23,5.92,5.665,62.84,57.14,56.9,-5.0,1.14,5.0,25.0,35.0,2.51,141.62,113.3,31.4,50.2,57.7,216.34,693.86,1085.11,-11.71,18.16,32.13,17.23,non,,"croissance N+1 de 56.9 % : aberration à expliquer (effet de base, perte ou élément ponctuel)"
LITE,Lumentum,États-Unis,IA réseau et optique,USD,971.26,14.985,27.545,36.324,24.405,39.8,35.26,83.8,31.9,0.71,0.0,22.0,32.0,1.81,536.91,429.53,19.9,36.4,39.8,485.63,1967.91,2948.7,-15.91,19.31,32.0,17.36,non,,"signalée cyclique par la recherche, traitée en croissance avec plafond de P/E bas (hyp.) ; croissance N+1 de 83.8 % : aberration à expliquer (effet de base, perte ou élément ponctuel)"
VRT,Vertiv,États-Unis,IA énergie et refroidissement,USD,241.31,6.69,8.96,11.19,8.393,28.75,26.93,33.9,24.9,0.79,4.0,18.0,25.0,1.6,151.06,120.85,14.4,27.9,28.8,141.15,453.58,589.14,-12.46,17.21,25.12,14.24,non,,
CEG,Constellation Energy,États-Unis,IA énergie et refroidissement,USD,254.02,12.19,13.25,17.18,12.985,19.56,19.17,8.7,29.7,2.2,3.0,9.0,13.0,2.17,116.86,93.49,9.8,16.5,19.5,142.95,303.01,413.51,-12.83,5.18,13.68,4.08,non,,
MSFT,Microsoft,États-Unis,Hyperscalers et plateformes,USD,512.9,18.77,21.385,24.918,20.731,24.74,23.98,13.9,16.5,1.72,7.0,15.0,18.0,1.65,310.97,248.78,12.4,23.6,24.7,336.15,856.45,994.4,-9.38,14.49,18.85,11.16,non,,
GOOGL,Alphabet,États-Unis,Hyperscalers et plateformes,USD,344.08,20.55,14.82,14.82,14.82,23.22,23.22,-27.9,0.0,,5.0,15.0,20.0,1.55,222.3,177.84,11.6,22.9,23.2,209.12,592.5,713.48,-11.48,14.85,20.31,11.53,non,,"BPA 2026 non normalisé (élément ponctuel) : BPA NTM = BPA 2027 ; croissance N+1 de -27.9 % : aberration à expliquer (effet de base, perte ou élément ponctuel)"
META,Meta Platforms,États-Unis,Hyperscalers et plateformes,USD,725.18,31.39,34.39,37.677,33.64,21.56,21.09,9.6,9.6,2.21,3.0,12.0,18.0,1.8,403.68,322.94,10.8,19.8,21.6,408.1,1046.94,1405.96,-13.15,9.92,18.33,8.04,non,,
AAPL,Apple,États-Unis,Hyperscalers et plateformes,USD,333.02,9.022,9.726,10.484,9.55,34.87,34.24,7.8,7.8,4.39,3.0,9.0,12.0,3.87,85.95,68.76,17.4,24.2,26.4,187.41,326.04,397.25,-13.1,-0.2,4.85,-1.52,non,,FY2028 extrapolé à +8 % (hyp.)
PLTR,Palantir,États-Unis,Internet et IA applicative,USD,187.05,1.61,2.26,3.44,2.097,89.18,82.77,40.4,52.2,2.05,15.0,30.0,40.0,2.97,62.92,50.34,44.6,67.1,74.6,163.58,401.91,601.02,-3.3,21.07,33.89,20.33,non,,
MELI,MercadoLibre,Amérique du Sud,Fintech émergente,USD,1728.53,39.11,56.05,64.457,51.815,33.36,30.84,43.3,15.0,0.71,8.0,22.0,28.0,1.52,1139.93,911.94,16.7,33.2,33.4,1175.82,3808.63,4639.99,-9.18,21.84,28.0,18.06,non,,
HOOD,Robinhood,États-Unis,Fintech émergente,USD,112.5,2.21,2.73,2.96,2.6,43.27,41.21,23.5,8.4,1.75,0.0,18.0,28.0,2.4,46.8,37.44,21.6,35.1,42.6,56.25,177.11,297.56,-15.91,12.01,27.53,12.0,non,,"signalée cyclique par la recherche, traitée en croissance avec plafond de P/E bas (hyp.)"
TSLA,Tesla,États-Unis,Mobilité et robotaxi,USD,354.81,1.78,2.86,3.289,2.59,136.99,124.06,60.7,15.0,2.48,5.0,25.0,45.0,5.48,64.75,51.8,68.5,87.2,102.2,215.64,551.68,1170.63,-11.71,11.67,34.77,15.09,non,,"croissance N+1 de 60.7 % : aberration à expliquer (effet de base, perte ou élément ponctuel)"
SPCX,SpaceX,États-Unis,Autres,USD,150.86,-0.15,1.63,1.793,1.185,127.31,92.55,,10.0,,10.0,30.0,50.0,4.24,35.55,28.44,63.7,86.2,101.2,110.44,291.59,606.83,-7.5,17.91,41.62,21.16,non,,
WMT,Walmart,États-Unis,Autres,USD,103.92,2.888,3.183,3.508,3.109,33.43,32.65,10.2,10.2,3.19,4.0,9.0,12.0,3.71,27.98,22.38,16.7,23.5,25.7,60.79,102.97,125.79,-11.73,0.7,5.87,-0.51,non,,FY2028 extrapolé à +10 % (hyp.)
COST,Costco,États-Unis,Autres,USD,910.34,21.133,23.252,25.583,22.722,40.06,39.15,10.0,10.0,3.91,6.0,10.0,12.0,4.01,227.22,181.78,20.0,27.5,29.0,574.64,915.92,1038.0,-10.29,0.79,4.0,-0.75,non,,FY2028 extrapolé à +10 % (hyp.)
INTC,Intel,États-Unis,Autres,USD,120.23,1.5,1.96,2.254,1.845,65.17,61.34,30.7,15.0,2.0,0.0,20.0,35.0,3.26,36.9,29.52,32.6,47.6,58.8,60.12,182.04,360.54,-15.91,10.93,31.59,13.02,non,,
CSCO,Cisco,États-Unis,Autres,USD,107.63,4.655,5.306,5.794,5.143,20.93,20.29,14.0,9.2,1.45,3.0,7.0,10.0,2.99,36.0,28.8,10.5,15.7,18.0,60.57,105.93,135.27,-12.03,1.17,7.54,0.2,non,,
AMGN,Amgen,États-Unis,Autres,USD,421.51,22.94,24.42,25.995,24.05,17.53,17.26,6.5,6.5,2.68,2.0,5.0,7.0,3.51,120.25,96.2,8.8,12.5,14.0,228.13,365.8,441.76,-12.19,-1.18,3.59,-2.24,non,,
TXN,Texas Instruments,États-Unis,Autres,USD,280.09,8.45,9.84,11.316,9.492,29.51,28.46,16.4,15.0,1.73,4.0,12.0,18.0,2.46,113.91,91.13,14.8,23.8,28.3,163.83,354.79,519.97,-12.55,6.09,16.73,5.6,non,,
PANW,Palo Alto Networks,États-Unis,Autres,USD,397.31,3.817,4.484,5.217,4.317,92.02,88.6,17.5,16.3,5.07,8.0,15.0,20.0,6.13,64.76,51.81,46.0,57.3,61.0,270.27,432.4,546.22,-9.18,2.14,8.28,1.42,non,,FY2026 rétro-extrapolé (hyp.)
ATEYY,Advantest (ADR),Asie,IA fonderie et équipement,USD,220.86,5.713,8.55,10.28,7.841,28.17,25.83,49.7,20.2,0.52,3.0,18.0,25.0,1.56,141.13,112.91,14.1,27.6,28.2,124.29,419.32,539.21,-13.28,17.52,25.15,14.33,non,,
8035.T,Tokyo Electron Ltd,Asie,IA mémoire et stockage,JPY,11505.0,1532.352,1652.632,1690.751,1622.562,7.09,6.96,7.8,2.3,,,,,,,,16.0,14.0,12.0,12980.5,18172.7,23364.9,3.06,12.11,19.38,12.11,oui,,
6146.T,DISCO Corp,Asie,IA fonderie et équipement,JPY,54220.0,1676.023,1843.625,2027.988,1801.724,30.09,29.41,10.0,10.0,,,,,,,,25.0,22.0,18.0,22521.56,31710.35,42160.35,-19.72,-12.55,-6.1,-12.33,oui,,"FY2028 extrapolé à +10 % (hyp., un seul exercice disponible) ; FY2026 rétro-extrapolé (hyp.)"
6920.T,Lasertec,Asie,IA fonderie et équipement,JPY,41130.0,910.24,1128.885,1332.119,1074.224,38.29,36.43,24.0,18.0,,,,,,,,20.0,18.0,15.0,8593.79,13535.22,19336.03,-32.39,-24.26,-17.2,-23.96,oui,,
7735.T,SCREEN Holdings,Asie,IA mémoire et stockage,JPY,12805.0,606.886,667.575,734.333,652.403,19.63,19.18,10.0,10.0,,,,,,,,15.0,13.0,11.0,4893.02,6784.99,8611.72,-21.38,-14.68,-9.44,-14.73,oui,,"FY2028 extrapolé à +10 % (hyp., un seul exercice disponible) ; FY2026 rétro-extrapolé (hyp.)"
6525.T,KOKUSAI ELECTRIC,Asie,IA fonderie et équipement,JPY,9578.0,177.076,240.988,287.136,225.01,42.57,39.74,36.1,19.1,,,,,,,,15.0,13.0,11.0,1687.57,2340.1,2970.13,-35.21,-29.69,-25.38,-29.74,oui,,FY2026 rétro-extrapolé (hyp.)
4062.T,IBIDEN Co,Asie,IA fonderie et équipement,JPY,11030.0,297.091,326.8,359.48,319.373,34.54,33.75,10.0,10.0,3.38,0.0,15.0,25.0,2.3,4790.59,3832.47,17.3,28.5,34.5,5515.0,15929.85,26928.71,-15.91,9.62,25.0,9.88,non,,"FY2028 extrapolé à +10 % (hyp., un seul exercice disponible) ; FY2026 rétro-extrapolé (hyp.)"
5803.T,Fujikura,Asie,IA réseau et optique,JPY,5229.0,120.805,152.925,179.557,144.895,36.09,34.19,26.6,17.4,1.29,0.0,12.0,20.0,3.01,1738.74,1390.99,18.0,27.0,33.0,2614.5,6165.92,9928.24,-15.91,4.21,17.39,4.43,non,,"FY2026 rétro-extrapolé (hyp.) ; signalée cyclique par la recherche, traitée en croissance avec plafond de P/E bas (hyp.)"
6501.T,Hitachi,Asie,Électrification et réseaux,JPY,5536.0,207.065,248.95,288.916,238.479,23.21,22.24,20.2,16.1,1.1,4.0,12.0,16.0,1.93,2861.74,2289.4,11.6,20.6,23.2,3238.17,7732.76,10023.7,-11.66,9.81,17.17,7.8,non,,
7011.T,Mitsubishi Heavy Industries,Asie,Défense,JPY,3806.0,123.136,135.45,148.995,132.372,28.75,28.1,10.0,10.0,2.81,5.0,15.0,22.0,1.92,1985.57,1588.46,14.4,25.6,28.8,2313.11,5932.94,8431.56,-11.71,11.74,22.0,10.39,non,,"FY2028 extrapolé à +10 % (hyp., un seul exercice disponible) ; FY2026 rétro-extrapolé (hyp.)"
6503.T,Mitsubishi Electric Corp,Asie,Défense,JPY,5205.0,257.023,282.725,310.998,276.299,18.84,18.41,10.0,10.0,1.84,3.0,10.0,14.0,1.88,2762.99,2210.4,9.4,16.9,18.8,2929.14,6844.3,8791.04,-13.39,7.08,14.0,5.11,non,,"FY2028 extrapolé à +10 % (hyp., un seul exercice disponible) ; FY2026 rétro-extrapolé (hyp.)"
6504.T,Fuji Electric Co,Asie,IA énergie et refroidissement,JPY,13665.0,746.382,821.021,903.123,802.361,17.03,16.64,10.0,10.0,1.66,3.0,10.0,14.0,1.7,8023.61,6418.89,8.5,16.0,17.0,7690.04,18813.99,23079.64,-13.39,8.32,14.0,5.77,non,,"FY2028 extrapolé à +10 % (hyp., un seul exercice disponible) ; FY2026 rétro-extrapolé (hyp.)"
6861.T,Keyence,Asie,Industrie,JPY,80480.0,1893.801,2292.0,2665.628,2192.45,36.71,35.11,21.0,16.3,1.67,3.0,9.0,13.0,4.08,19732.05,15785.64,18.4,25.1,28.1,45290.47,77692.09,100463.9,-12.8,-0.2,6.42,-0.99,non,,FY2026 rétro-extrapolé (hyp.)
6758.T,Sony Group Corp,Asie,Consommation et divertissement,JPY,3759.0,213.045,234.35,257.785,229.024,16.41,16.04,10.0,10.0,1.6,4.0,10.0,14.0,1.64,2290.24,1832.19,8.2,15.7,16.4,2198.75,5266.63,6348.8,-12.55,8.8,14.0,6.14,non,,"FY2028 extrapolé à +10 % (hyp., un seul exercice disponible) ; FY2026 rétro-extrapolé (hyp.)"
6098.T,Recruit Holdings,Asie,Internet et IA applicative,JPY,17350.0,448.568,493.425,542.768,482.211,35.98,35.16,10.0,10.0,3.52,4.0,12.0,16.0,3.0,5786.53,4629.22,18.0,27.0,30.0,10148.52,20479.19,26184.61,-12.55,4.23,10.84,2.73,non,,"FY2028 extrapolé à +10 % (hyp., un seul exercice disponible) ; FY2026 rétro-extrapolé (hyp.)"
2454.TW,MediaTek Inc.,Asie,IA calcul,TWD,4920.0,68.54,122.72,406.51,109.175,45.07,40.09,79.0,231.2,0.8,5.0,20.0,30.0,2.25,2183.5,1746.8,22.5,37.5,45.0,2990.15,8496.84,14041.84,-11.71,14.64,29.98,14.67,non,,"croissance N+1 de 79.0 % : aberration à expliquer (effet de base, perte ou élément ponctuel)"
2308.TW,Delta Electronics Inc.,Asie,IA énergie et refroidissement,TWD,1890.0,41.67,64.52,74.198,58.808,32.14,29.29,54.8,15.0,0.59,5.0,18.0,25.0,1.79,1058.54,846.83,16.1,29.6,32.1,1148.65,3371.34,4614.26,-11.71,15.57,25.0,13.41,non,,"croissance N+1 de 54.8 % : aberration à expliquer (effet de base, perte ou élément ponctuel)"
000660.KS,SK hynix,Asie,IA mémoire et stockage,KRW,1776000.0,353341.91,470265.62,498807.48,441034.692,4.03,3.78,33.1,6.1,,,,,,,,14.0,12.0,10.0,2161069.99,3440070.6,5733451.0,5.03,17.97,34.04,20.09,oui,,
005930.KS,Samsung Electronics,Asie,IA fonderie et équipement,KRW,268500.0,43592.33,52028.27,49527.3,49919.285,5.38,5.16,19.4,-4.8,,,,,,,,14.0,12.0,10.0,349434.99,479225.14,648950.71,6.81,15.58,24.69,16.18,oui,,
BMA,Banco Macro S.A.,Amérique du Sud,Fintech émergente,USD,66.93,8.35,10.81,12.431,10.195,6.56,6.19,29.5,15.0,,,,,,,,8.0,7.0,6.0,40.78,57.09,67.29,-11.65,-3.9,0.13,-4.55,oui,,
PAM,Pampa Energía S.A. (ADR),Amérique du Sud,Énergie,USD,77.77,9.69,10.659,11.725,10.417,7.47,7.3,10.0,10.0,,,,,,,,8.0,7.0,6.0,41.67,58.33,75.0,-14.45,-6.94,-0.9,-6.94,oui,,"FY2027 extrapolé à +10 % (hyp., un seul exercice disponible)"
VIST,"Vista Energy, S.A.B. de C.V. (ADS)",Amérique du Sud,Énergie,USD,65.35,9.6,10.56,11.616,10.32,6.33,6.19,10.0,10.0,,,,,,,,8.0,7.0,6.0,41.28,57.79,74.3,-10.85,-3.03,3.26,-3.03,oui,,"FY2027 extrapolé à +10 % (hyp., un seul exercice disponible)"
LLY,Eli Lilly,États-Unis,Santé (GLP-1),USD,1157.08,36.71,47.23,52.29,44.6,25.94,24.5,28.7,10.7,0.85,6.0,13.0,20.0,2.0,579.8,463.84,13.0,22.7,25.9,730.39,1652.31,2399.32,-10.35,9.95,20.7,9.21,non,,
3711.TW,ASE Technology Holding,Asie,IA fonderie et équipement,TWD,663.0,13.0,17.01,19.561,16.008,41.42,38.98,30.8,15.0,,,,,,,,15.0,13.0,11.0,120.06,166.48,211.3,-34.03,-28.41,-24.02,-28.45,oui,,
5274.TWO,ASPEED Technology,Asie,IA calcul,TWD,19835.0,188.0,275.0,446.0,253.25,78.32,72.13,46.3,62.2,1.56,8.0,25.0,35.0,3.13,6331.25,5065.0,39.2,57.9,65.4,13492.65,35805.51,55021.79,-9.18,15.91,29.06,15.28,non,,
3037.TW,Unimicron Technology,Asie,IA calcul,TWD,1175.0,15.47,31.23,35.914,27.29,43.06,37.62,101.9,15.0,,,,,,,,15.0,13.0,11.0,204.67,283.82,390.25,-35.29,-29.78,-23.96,-29.36,oui,,"croissance N+1 de 101.9 % : aberration à expliquer (effet de base, perte ou élément ponctuel)"
207940.KS,Samsung Biologics,Asie,Santé,KRW,1391000.0,41170.33,49078.6,56966.0,47101.533,29.53,28.34,19.2,16.1,1.48,8.0,15.0,20.0,1.97,706522.99,565218.39,14.8,26.0,29.5,946220.07,2143218.69,2884377.6,-9.18,11.41,20.0,9.9,non,,
042700.KS,Hanmi Semiconductor,Asie,IA fonderie et équipement,KRW,256500.0,3389.97,5610.83,6452.454,5055.615,50.74,45.72,65.5,15.0,,,,,,,,25.0,20.0,15.0,63195.19,80889.84,98584.49,-29.33,-24.83,-21.02,-24.83,oui,,"croissance N+1 de 65.5 % : aberration à expliquer (effet de base, perte ou élément ponctuel)"
BHARTIARTL.NS,Bharti Airtel,Asie,Autres,INR,1757.0,60.297,77.208,90.869,72.98,24.08,22.76,28.0,17.7,0.81,6.0,15.0,20.0,1.61,1094.7,875.76,12.0,23.3,24.1,1109.09,2972.48,3643.32,-9.69,15.55,21.58,12.54,non,,FY2026 rétro-extrapolé (hyp.)
POLYCAB.NS,Polycab India,Asie,Électrification et réseaux,INR,8026.0,204.511,271.775,322.291,254.959,31.48,29.53,32.9,18.6,0.9,5.0,15.0,20.0,2.1,3824.39,3059.51,15.7,27.0,30.7,4877.83,12035.42,16251.6,-11.21,11.28,19.96,9.54,non,,"FY2026 rétro-extrapolé (hyp.) ; signalée cyclique par la recherche, traitée en croissance avec plafond de P/E bas (hyp.)"
TRENT.NS,Trent (Tata group),Asie,Consommation et divertissement,INR,2622.0,56.777,69.498,81.023,66.317,39.54,37.73,22.4,16.6,1.68,10.0,22.0,30.0,1.8,1458.98,1167.19,19.8,36.3,39.5,1919.44,5328.41,7488.69,-7.5,19.4,30.0,17.61,non,,FY2026 rétro-extrapolé (hyp.)
COFORGE.NS,Coforge,Asie,Services IT,INR,1752.0,54.639,65.49,76.006,62.777,27.91,26.75,19.9,16.1,1.35,5.0,18.0,24.0,1.55,1129.99,903.99,14.0,27.5,27.9,1064.78,3341.47,4142.1,-11.71,17.52,24.0,14.13,non,,FY2026 rétro-extrapolé (hyp.)
S63.SI,Singapore Technologies Engineering,Asie,Défense,SGD,10.87,0.34,0.39,0.44,0.378,28.79,27.87,14.7,12.8,1.9,5.0,12.0,16.0,2.4,4.53,3.62,14.4,23.4,26.4,6.61,13.9,18.04,-11.71,6.34,13.51,4.8,non,,
034020.KS,Doosan Enerbility,Asie,IA énergie et refroidissement,KRW,81600.0,592.57,1039.58,807.0,927.827,87.95,78.49,75.4,-22.4,,,,,,,,25.0,20.0,15.0,11597.84,14845.24,16700.9,-38.6,-34.69,-32.74,-35.08,oui,,"croissance N+1 de 75.4 % : aberration à expliquer (effet de base, perte ou élément ponctuel)"
ASM,ASM International N.V.,Europe,IA fonderie et équipement,EUR,888.0,22.02,27.0,32.6,25.755,34.48,32.89,22.6,20.7,1.45,3.0,15.0,22.0,2.3,386.32,309.06,17.2,28.5,33.7,499.73,1283.32,1925.03,-13.05,10.07,21.81,9.3,non,,"signalée cyclique par la recherche, traitée en croissance avec plafond de P/E bas (hyp.)"
BESI,BE Semiconductor Industries N.V.,Europe,IA fonderie et équipement,EUR,191.8,3.86,5.73,6.59,5.263,36.45,33.47,48.4,15.0,0.69,0.0,20.0,30.0,1.82,105.25,84.2,18.2,33.2,36.4,95.9,362.54,547.8,-15.22,18.22,31.07,16.52,non,,"signalée cyclique par la recherche, traitée en croissance avec plafond de P/E bas (hyp.)"
IFX,Infineon Technologies AG,Europe,IA énergie et refroidissement,EUR,59.06,1.565,2.63,3.43,2.363,24.99,22.46,68.0,30.4,0.45,0.0,15.0,22.0,1.67,35.45,28.36,12.5,23.7,25.0,29.53,98.15,130.84,-15.4,14.23,22.74,11.52,non,,"signalée cyclique par la recherche, traitée en croissance avec plafond de P/E bas (hyp.) ; croissance N+1 de 68.0 % : aberration à expliquer (effet de base, perte ou élément ponctuel)"
VACN,VAT Group AG,Europe,IA fonderie et équipement,CHF,680.8,10.69,12.63,15.04,12.145,56.06,53.9,18.1,19.1,2.97,0.0,14.0,20.0,4.0,170.03,136.02,28.0,38.5,43.0,340.4,790.3,1083.61,-14.13,6.0,14.7,4.66,non,,"signalée cyclique par la recherche, traitée en croissance avec plafond de P/E bas (hyp.)"
ENR,Siemens Energy AG,Europe,Électrification et réseaux,EUR,142.6,4.55,5.65,6.951,5.375,26.53,25.24,24.2,23.0,1.04,4.0,14.0,22.0,1.9,75.25,60.2,13.3,23.8,26.5,83.41,215.74,315.91,-11.37,12.39,23.63,11.33,non,,
SU,Schneider Electric SE,Europe,Électrification et réseaux,EUR,292.0,10.21,12.37,14.225,11.83,24.68,23.61,21.2,15.0,1.12,6.0,12.0,15.0,2.06,141.96,113.57,12.3,21.3,23.6,184.32,397.27,488.13,-9.56,9.58,15.37,7.41,non,,
PRY,Prysmian S.p.A.,Europe,Électrification et réseaux,EUR,124.0,4.88,5.93,6.0,5.667,21.88,20.91,21.5,1.2,0.97,5.0,12.0,16.0,1.82,68.01,54.41,10.9,19.9,21.9,75.36,177.82,224.52,-11.1,10.19,16.8,7.96,non,,
LR,Legrand SA,Europe,Électrification et réseaux,EUR,141.6,5.94,6.65,7.445,6.473,21.88,21.29,12.0,12.0,1.78,4.0,9.0,12.0,2.43,58.25,46.6,10.9,17.7,19.9,82.83,161.61,203.07,-11.07,5.11,11.28,3.56,non,,
SAAB B,Saab AB,Europe,Défense,SEK,617.8,14.34,17.93,20.619,17.032,36.27,34.46,25.0,15.0,1.38,8.0,20.0,28.0,1.81,340.65,272.52,18.1,33.1,36.3,420.26,1170.31,1658.39,-8.83,17.78,28.5,16.09,non,,
RR.,Rolls-Royce Holdings plc,Europe,Aéronautique,GBp,1461.6,43.7,49.7,58.1,48.2,30.32,29.41,13.7,16.9,2.14,5.0,12.0,16.0,2.53,578.4,462.72,15.2,24.2,27.2,888.29,1832.52,2370.49,-11.04,6.61,13.7,5.1,non,,
SAF,Safran SA,Europe,Aéronautique,EUR,334.4,10.34,13.15,15.122,12.448,26.86,25.43,27.2,15.0,0.94,6.0,14.0,18.0,1.92,174.27,139.41,13.4,23.9,26.9,211.09,503.14,648.33,-10.04,11.78,19.1,9.69,non,,
AIR,Airbus SE,Europe,Aéronautique,EUR,190.62,7.29,8.62,9.913,8.287,23.0,22.11,18.2,15.0,1.21,5.0,14.0,18.0,1.64,116.02,92.82,11.5,22.0,23.0,115.85,307.95,369.57,-10.24,14.61,19.96,11.45,non,,
KOG,Kongsberg Gruppen ASA,Europe,Défense,NOK,305.3,7.22,11.28,10.9,10.265,29.74,27.07,56.2,-3.4,0.54,5.0,15.0,22.0,1.98,153.97,123.18,14.9,26.1,29.7,185.55,468.96,676.34,-10.13,13.31,24.17,12.14,non,,"croissance N+1 de 56.2 % : aberration à expliquer (effet de base, perte ou élément ponctuel)"
SPOT,Spotify Technology,États-Unis,Consommation et divertissement,USD,487.38,14.29,15.95,19.81,15.535,31.37,30.56,11.6,24.2,2.63,8.0,20.0,28.0,1.57,310.7,248.56,15.7,30.7,31.4,331.54,988.52,1308.3,-9.18,19.34,28.0,16.71,non,,
LONN,Lonza Group AG,Europe,Santé,CHF,581.0,18.22,21.66,25.87,20.8,27.93,26.82,18.9,19.4,1.42,6.0,15.0,20.0,1.86,312.0,249.6,14.0,25.2,27.9,366.75,917.35,1204.76,-10.06,13.1,21.08,11.02,non,,
GALD,Galderma Group AG,Europe,Santé,CHF,165.85,3.63,4.98,5.727,4.643,35.72,33.3,37.2,15.0,0.9,8.0,18.0,25.0,1.98,83.56,66.85,17.9,31.4,35.7,112.82,282.28,404.91,-8.98,14.47,25.28,13.27,non,,
RMS,Hermès International,Europe,Consommation et divertissement,EUR,1336.5,44.64,51.77,59.535,49.987,26.74,25.82,16.0,15.0,1.62,6.0,11.0,14.0,2.43,549.86,439.89,13.4,21.6,23.9,843.65,1640.5,2015.13,-9.66,6.68,12.31,4.92,non,,
RACE,Ferrari N.V.,Europe,Consommation et divertissement,EUR,349.2,9.68,10.74,11.916,10.475,33.34,32.51,11.0,11.0,2.97,5.0,10.0,13.0,3.33,104.75,83.8,16.7,24.2,26.4,212.23,370.66,451.2,-10.76,2.59,7.76,1.21,non,,
BC,Brunello Cucinelli S.p.A.,Europe,Consommation et divertissement,EUR,81.22,2.28,2.62,3.011,2.535,32.04,31.0,14.9,14.9,2.08,6.0,12.0,15.0,2.67,30.42,24.34,16.0,25.0,27.3,51.27,99.8,120.91,-9.73,6.62,11.86,4.74,non,,
ALC,Alcon Inc.,Europe,Santé,CHF,53.98,2.9,3.318,3.796,3.213,16.8,16.27,14.4,14.4,1.13,4.0,10.0,13.0,1.68,32.13,25.71,8.4,15.9,16.8,31.57,74.8,88.01,-12.12,9.03,13.55,6.19,non,,
SRT3,Sartorius AG (preference shares),Europe,Santé,EUR,259.4,5.6,7.06,8.09,6.695,38.75,36.74,26.1,14.6,1.41,6.0,16.0,22.0,2.42,107.12,85.7,19.4,31.4,35.9,163.74,380.31,532.05,-10.6,10.37,20.03,9.17,non,,
GEV,GE Vernova,États-Unis,IA énergie et refroidissement,USD,962.49,14.72,22.21,30.52,20.337,47.33,43.34,50.9,37.4,0.87,5.0,18.0,25.0,2.63,366.07,292.86,23.7,37.2,42.4,584.96,1465.33,2105.89,-11.52,11.31,21.88,10.16,non,,"croissance N+1 de 50.9 % : aberration à expliquer (effet de base, perte ou élément ponctuel)"
HIMS,Hims & Hers Health,États-Unis,Santé,USD,30.75,-0.56,0.42,0.462,0.175,175.71,73.21,,10.0,,0.0,25.0,40.0,7.03,4.38,3.5,87.9,106.6,117.9,15.38,45.55,79.23,-15.91,10.32,26.7,10.85,non,,
ISRG,Intuitive Surgical,États-Unis,Autres,USD,406.63,10.99,12.33,13.91,11.995,33.9,32.98,12.2,12.8,2.7,6.0,12.0,15.0,2.82,143.94,115.15,16.9,25.9,28.2,256.68,489.79,591.62,-10.86,4.76,9.83,2.96,non,,
AXON,Axon Enterprise,États-Unis,Autres,USD,430.11,7.82,10.85,13.91,10.092,42.62,39.64,38.7,28.2,1.02,8.0,20.0,28.0,2.13,201.85,161.48,21.3,36.3,42.3,292.58,759.86,1146.21,-9.18,15.29,27.77,14.51,non,,
SHOP,Shopify,États-Unis,Internet et IA applicative,USD,148.3,1.93,2.5,3.42,2.357,62.91,59.32,29.5,36.8,2.01,8.0,22.0,30.0,2.86,51.86,41.49,31.5,48.0,54.0,100.88,250.44,363.28,-9.18,14.0,25.1,12.94,non,,
DASH,DoorDash,États-Unis,Internet et IA applicative,USD,183.55,2.58,4.46,7.1,3.99,46.0,41.15,72.9,59.2,0.82,10.0,28.0,38.0,1.64,111.72,89.38,23.0,44.0,46.0,134.37,471.28,665.69,-7.5,26.58,38.0,24.12,non,,"croissance N+1 de 72.9 % : aberration à expliquer (effet de base, perte ou élément ponctuel)"
COIN,Coinbase Global,États-Unis,Fintech émergente,USD,186.41,-2.05,2.79,3.069,1.58,117.98,66.81,,10.0,,0.0,15.0,30.0,7.87,23.7,18.96,59.0,70.2,81.5,93.2,194.1,367.74,-15.91,1.02,18.51,3.3,non,,"signalée cyclique par la recherche, traitée en croissance avec plafond de P/E bas (hyp.)"
IBKR,Interactive Brokers Group,États-Unis,Fintech émergente,USD,86.18,2.68,3.17,3.55,3.047,28.28,27.19,18.3,12.0,1.49,5.0,12.0,18.0,2.36,36.57,29.26,14.1,23.1,27.6,52.38,110.96,163.31,-11.34,6.96,17.81,6.58,non,,"signalée cyclique par la recherche, traitée en croissance avec plafond de P/E bas (hyp.)"
ETN,Eaton,États-Unis,IA énergie et refroidissement,USD,429.71,13.35,15.71,18.067,15.12,28.42,27.35,17.7,15.0,1.55,5.0,12.0,15.0,2.37,181.44,145.15,14.2,23.2,25.5,261.16,552.2,673.29,-10.82,7.54,13.0,5.4,non,,"signalée cyclique par la recherche, traitée en croissance avec plafond de P/E bas (hyp.)"
NOW,ServiceNow,États-Unis,Autres,USD,133.86,4.17,5.08,6.16,4.853,27.59,26.35,21.8,21.3,1.21,8.0,18.0,22.0,1.53,87.34,69.88,13.8,27.3,27.6,91.06,256.77,296.54,-9.18,17.69,22.0,13.9,non,,
CRWD,CrowdStrike Holdings,États-Unis,Autres,USD,264.75,1.237,1.581,1.831,1.495,177.1,167.47,27.8,15.8,6.03,8.0,22.0,30.0,8.05,32.89,26.31,88.5,105.0,111.0,180.09,347.9,474.14,-9.18,7.07,15.68,6.26,non,,FY2026 rétro-extrapolé (hyp.)
NET,Cloudflare,États-Unis,Autres,USD,350.18,1.26,1.67,2.32,1.567,223.4,209.69,32.5,38.9,6.44,10.0,28.0,38.0,7.98,43.89,35.11,111.7,132.7,140.2,256.35,558.37,797.03,-7.5,12.37,22.83,11.57,non,,
DDOG,Datadog,États-Unis,Autres,USD,273.85,2.52,3.05,3.77,2.917,93.86,89.79,21.0,23.6,4.27,8.0,20.0,26.0,4.69,58.35,46.68,46.9,61.9,66.4,186.28,374.67,488.51,-9.18,8.15,15.57,6.78,non,,
VRTX,Vertex Pharmaceuticals,États-Unis,Autres,USD,522.81,18.86,21.62,24.9,20.93,24.98,24.18,14.6,15.2,1.65,4.0,10.0,13.0,2.5,209.3,167.44,12.5,20.0,22.2,305.81,612.55,758.94,-12.55,4.04,9.77,2.29,non,,
TTWO,Take-Two Interactive,États-Unis,Autres,USD,207.5,4.595,7.655,9.423,6.89,30.12,27.11,66.6,23.1,0.54,5.0,20.0,30.0,1.51,137.8,110.24,15.1,30.1,30.1,126.11,429.44,592.64,-11.71,19.94,30.0,17.42,non,,"signalée cyclique par la recherche, traitée en croissance avec plafond de P/E bas (hyp.) ; croissance N+1 de 66.6 % : aberration à expliquer (effet de base, perte ou élément ponctuel)"
ABNB,Airbnb,États-Unis,Autres,USD,160.65,5.31,6.21,7.37,5.985,26.84,25.87,16.9,18.7,1.53,5.0,12.0,16.0,2.24,71.82,57.46,13.4,22.4,25.4,97.64,211.15,275.48,-11.71,7.07,14.43,5.48,non,,"signalée cyclique par la recherche, traitée en croissance avec plafond de P/E bas (hyp.)"
