variante,composition,régions,P/E NTM,croiss. N+1 %,PEG LT,part IA %,bêta,rdt espéré %,rdt pess %,rdt central %,rdt opt %,double choc %,krach IA %,pire cas %,p sous indice %,p perte %
REF5 · NU25 RHM20 NVDA20 UBER20 TSM15,"NU 25 %, RHM 20 %, NVDA 20 %, UBER 20 %, TSM 15 %","Amérique du Sud, Asie, Europe, États-Unis",16.0,42.6,0.9,35.0,1.55,20.08,-6.33,20.66,34.87,9.86,13.73,1.08,8.8,0.3
V1 · 10 lignes 10 % : base + ALNY ADYEN CATL RDDT SE,"NU 10 %, RHM 10 %, NVDA 10 %, UBER 10 %, TSM 10 %, ALNY 10 %, ADYEN 10 %, 300750.SZ 10 %, RDDT 10 %, SE 10 %","Amérique du Sud, Asie, Europe, États-Unis",17.2,38.8,0.92,20.0,1.48,20.55,-6.6,20.63,36.31,16.25,16.82,1.41,2.0,0.0
V2 · 10 lignes 10 % : base + ALNY ADYEN CATL APP SE,"NU 10 %, RHM 10 %, NVDA 10 %, UBER 10 %, TSM 10 %, ALNY 10 %, ADYEN 10 %, 300750.SZ 10 %, APP 10 %, SE 10 %","Amérique du Sud, Asie, Europe, États-Unis",16.6,38.5,0.92,20.0,1.52,20.09,-7.22,20.11,35.94,15.66,16.24,0.58,2.3,0.0
V3 · 10 lignes 10 % : base + ALNY ADYEN CATL RDDT Xiaomi,"NU 10 %, RHM 10 %, NVDA 10 %, UBER 10 %, TSM 10 %, ALNY 10 %, ADYEN 10 %, 300750.SZ 10 %, RDDT 10 %, 1810.HK 10 %","Amérique du Sud, Asie, Europe, États-Unis",16.9,38.3,0.92,20.0,1.39,20.56,-6.6,20.53,36.46,16.13,16.7,1.41,2.0,0.0
V4 · 10 lignes 10 % : base + ALNY ADYEN CATL RDDT PODD,"NU 10 %, RHM 10 %, NVDA 10 %, UBER 10 %, TSM 10 %, ALNY 10 %, ADYEN 10 %, 300750.SZ 10 %, RDDT 10 %, PODD 10 %","Amérique du Sud, Asie, Europe, États-Unis",17.0,36.8,0.92,20.0,1.43,20.39,-5.56,20.46,35.75,16.06,16.63,1.71,1.9,0.0
V5 · 10 lignes 10 % : base + ALNY ADYEN CATL RDDT ORCL,"NU 10 %, RHM 10 %, NVDA 10 %, UBER 10 %, TSM 10 %, ALNY 10 %, ADYEN 10 %, 300750.SZ 10 %, RDDT 10 %, ORCL 10 %","Amérique du Sud, Asie, Europe, États-Unis",16.7,36.7,0.91,30.0,1.5,20.61,-6.82,20.87,36.19,16.51,14.28,1.08,2.0,0.0
V6 · 10 lignes 10 % : base + ALNY ADYEN CATL RDDT PopMart,"NU 10 %, RHM 10 %, NVDA 10 %, UBER 10 %, TSM 10 %, ALNY 10 %, ADYEN 10 %, 300750.SZ 10 %, RDDT 10 %, 9992.HK 10 %","Amérique du Sud, Asie, Europe, États-Unis",16.4,36.6,0.91,20.0,1.43,20.52,-6.53,20.53,36.34,16.13,16.7,1.1,2.0,0.0
V7 · 10 lignes 10 % : base + ALNY ADYEN CATL RDDT Hanwha,"NU 10 %, RHM 10 %, NVDA 10 %, UBER 10 %, TSM 10 %, ALNY 10 %, ADYEN 10 %, 300750.SZ 10 %, RDDT 10 %, 012450.KS 10 %","Amérique du Sud, Asie, Europe, États-Unis",17.1,36.9,0.93,20.0,1.41,20.32,-6.55,20.47,35.87,16.06,16.64,1.47,2.1,0.0
V8 · 10 lignes 10 % : base + ALNY ADYEN CATL RDDT Celestica,"NU 10 %, RHM 10 %, NVDA 10 %, UBER 10 %, TSM 10 %, ALNY 10 %, ADYEN 10 %, 300750.SZ 10 %, RDDT 10 %, CLS 10 %","Amérique du Sud, Asie, Europe, États-Unis",17.6,37.8,0.96,30.0,1.47,19.97,-6.93,20.39,35.12,15.98,14.22,0.96,2.3,0.0
V9 · 10 lignes 10 % : base + ALNY ADYEN CATL RDDT dLocal,"NU 10 %, RHM 10 %, NVDA 10 %, UBER 10 %, TSM 10 %, ALNY 10 %, ADYEN 10 %, 300750.SZ 10 %, RDDT 10 %, DLO 10 %","Amérique du Sud, Asie, Europe, États-Unis",16.6,37.1,0.9,20.0,1.42,20.75,-5.15,20.83,36.1,16.47,17.04,1.71,1.6,0.0
V10 · 65/35 : NU16 RHM13 NVDA13 UBER13 TSM10 + ALNY7 ADYEN7 CATL7 RDDT7 SE7,"NU 16 %, RHM 13 %, NVDA 13 %, UBER 13 %, TSM 10 %, ALNY 7 %, ADYEN 7 %, 300750.SZ 7 %, RDDT 7 %, SE 7 %","Amérique du Sud, Asie, Europe, États-Unis",16.6,40.0,0.9,23.0,1.49,20.57,-6.32,20.8,36.02,14.23,16.4,1.33,2.2,0.0
V11 · 65/35 : base + ALNY7 ADYEN7 CATL7 RDDT7 Xiaomi7,"NU 16 %, RHM 13 %, NVDA 13 %, UBER 13 %, TSM 10 %, ALNY 7 %, ADYEN 7 %, 300750.SZ 7 %, RDDT 7 %, 1810.HK 7 %","Amérique du Sud, Asie, Europe, États-Unis",16.5,39.7,0.9,23.0,1.43,20.57,-6.32,20.73,36.12,14.14,16.32,1.33,2.3,0.0
