ticker,nom,poids_pct,var_52s_pct
NVDA,NVIDIA Corp,8.85,21.78
AAPL,Apple Inc,7.46,29.36
MSFT,Microsoft Corp,5.91,-1.74
MU,Micron Technology Inc,5.03,536.55
AMZN,Amazon.com Inc,4.42,12.34
AMD,Advanced Micro Devices Inc,3.41,275.53
GOOGL,Alphabet Inc (A),3.13,40.24
GOOG,Alphabet Inc (C),2.91,38.5
META,Meta Platforms Inc,2.90,0.6
TSLA,Tesla Inc,2.81,-20.66
AVGO,Broadcom Inc,2.69,7.64
WMT,Walmart Inc,2.30,3.63
INTC,Intel Corp,2.11,245.54
CSCO,Cisco Systems Inc,1.89,56.3
COST,Costco Wholesale Corp,1.78,-0.11
PLTR,Palantir Technologies Inc,1.75,2.49
LRCX,Lam Research Corp,1.69,141.87
AMAT,Applied Materials Inc,1.58,150.08
NFLX,Netflix Inc,1.44,-41.36
SPCX,Space Exploration Technologies Corp,1.24,
PANW,Palo Alto Networks Inc,1.19,90.75
SNDK,Sandisk Corp,1.13,1441.68
KLAC,KLA Corp,1.06,82.21
AMGN,Amgen Inc,1.04,50.12
TXN,Texas Instruments Inc,1.03,53.32
LIN,Linde PLC,0.97,-0.34
CRWD,Crowdstrike Holdings Inc,0.95,114.32
TMUS,T-Mobile US Inc,0.87,-31.92
MRVL,Marvell Technology Inc,0.86,213.16
STX,Seagate Technology Holdings PLC,0.83,286.96
PEP,PepsiCo Inc,0.83,-8.37
GILD,Gilead Sciences Inc,0.82,36.29
SHOP,Shopify Inc,0.78,-0.24
ADI,Analog Devices Inc,0.78,62.08
QCOM,QUALCOMM Inc,0.78,10.66
WDC,Western Digital Corp,0.71,277.71
ASML,ASML Holding NV,0.69,89.49
BKNG,Booking Holdings Inc,0.66,-24.83
VRTX,Vertex Pharmaceuticals Inc,0.61,34.49
ISRG,Intuitive Surgical Inc,0.57,-7.84
SBUX,Starbucks Corp,0.52,12.8
FTNT,Fortinet Inc,0.50,109.28
ADP,Automatic Data Processing Inc,0.49,-10.8
CEG,Constellation Energy Corp,0.47,-19.6
ARM,ARM Holdings PLC,0.47,107.56
ADBE,Adobe Inc,0.47,-33.9
MELI,MercadoLibre Inc,0.44,-26.19
APP,AppLovin Corp,0.43,-57.46
CMCSA,Comcast Corp,0.41,-31.25
CSX,CSX Corp,0.40,32.16
INTU,Intuit Inc,0.40,-60.75
MAR,Marriott International Inc,0.39,38.85
MNST,Monster Beverage Corp,0.38,24.02
DASH,DoorDash Inc,0.38,-31.21
REGN,Regeneron Pharmaceuticals Inc,0.37,33.48
CDNS,Cadence Design Systems Inc,0.35,-7.71
CTAS,Cintas Corp,0.35,-3.66
MDLZ,Mondelez International Inc,0.34,-5.04
ABNB,Airbnb Inc,0.33,29.27
ROST,Ross Stores Inc,0.33,53.82
SNPS,Synopsys Inc,0.33,-15.87
ORLY,O'Reilly Automotive Inc,0.32,-20.17
DDOG,Datadog Inc,0.31,88.6
WBD,Warner Bros Discovery Inc,0.31,57.96
LITE,Lumentum Holdings Inc,0.30,498.3
AEP,American Electric Power Co Inc,0.30,6.04
PCAR,PACCAR Inc,0.29,13.71
HON,Honeywell International Inc,0.29,-50.09
BKR,Baker Hughes Co,0.28,14.78
MPWR,Monolithic Power Systems Inc,0.26,47.29
FAST,Fastenal Co,0.25,1.88
NXPI,NXP Semiconductors NV,0.25,3.84
TER,Teradyne Inc,0.25,192.81
FANG,Diamondback Energy Inc,0.25,28.55
PDD,PDD Holdings Inc,0.24,-41.36
ALAB,Astera Labs Inc,0.23,82.76
HONA,Honeywell Aerospace Inc,0.22,
NBIS,Nebius Group NV,0.22,111.41
XEL,Xcel Energy Inc,0.21,-12.35
CCEP,Coca-Cola Europacific Partners PLC,0.21,13.14
MSTR,Strategy Inc,0.21,-52
PYPL,PayPal Holdings Inc,0.21,-19.64
ADSK,Autodesk Inc,0.20,-36.04
EXC,Exelon Corp,0.20,-9.69
PAYX,Paychex Inc,0.19,-21.66
KDP,Keurig Dr Pepper Inc,0.19,21.64
IDXX,IDEXX Laboratories Inc,0.19,-16.51
FER,Ferrovial NV,0.18,-6.88
TRI,Thomson Reuters Corp,0.18,-39
CRWV,CoreWeave Inc,0.18,-37.21
ROP,Roper Technologies Inc,0.18,-29.93
MCHP,Microchip Technology Inc,0.18,22.67
AXON,Axon Enterprise Inc,0.18,-41.53
TTWO,Take-Two Interactive Software Inc,0.17,-21.51
ODFL,Old Dominion Freight Line Inc,0.17,26.06
WDAY,Workday Inc,0.17,-21.42
RKLB,Rocket Lab Corp,0.16,45.48
ALNY,Alnylam Pharmaceuticals Inc,0.16,-44.28
DXCM,Dexcom Inc,0.15,28.76
CPRT,Copart Inc,0.14,-39.65
