ticker,nom,theme,fye,prix,cap_musd,zacks_rank,eps_fy0,eps_f1,eps_f2,ltg,div_yield,beta,chg_ytd,high_52w,low_52w,target_zacks,source
NVDA,NVIDIA,IA calcul,1,227.21,5475761,1,4.77,9.25,15.33,14,0.44,2.22,21.83,235.74,165.17,261,compare_stocks
AMD,Advanced Micro Devices,IA calcul,12,607.57,991843,3,4.17,7.48,14.67,,0,2.48,183.7,639,159.33,645,get_zacks_metrics
AVGO,Broadcom,IA calcul,10,355.10,1695116,3,6.82,11.79,19.04,,0.73,1.44,2.6,481.57,293.41,373,compare_stocks
MRVL,Marvell Technology,IA calcul,1,263.27,230861,3,2.84,4.21,6.65,,0.09,2.25,209.8,329.88,70.69,270,get_zacks_metrics
TSM,TSMC,IA fonderie et equipement,12,456.94,2369922,2,10.65,16.56,21.22,27.3,0.77,1.39,50.36,477.57,273.23,463,compare_stocks
ASML,ASML,IA fonderie et equipement,12,1834.39,721436,3,27.95,44.01,58.49,,0.40,1.79,71.46,1999.96,935.41,1902,get_zacks_metrics
LRCX,Lam Research,IA fonderie et equipement,6,323.86,405286,2,5.81,9.32,11.33,,0.41,1.85,89.19,438.5,130.81,362,get_zacks_metrics
AMAT,Applied Materials,IA fonderie et equipement,10,512.01,406330,2,9.42,12.79,18.27,,0.41,1.60,99.23,739.67,202.87,558,get_zacks_metrics
KLAC,KLA,IA fonderie et equipement,6,196.53,256473,4,3.76,5.43,6.54,,0.47,1.45,61.74,307.37,98.10,199,get_zacks_metrics
MU,Micron Technology,IA memoire et stockage,8,1065.08,1202894,3,8.29,73.91,158.45,,0.06,2.22,273.17,1255,163.96,1151,get_zacks_metrics
SNDK,Sandisk,IA memoire et stockage,6,1729.76,253270,3,70.88,213.31,252.8,,0,5.17,628.69,2354.39,112,1881,get_zacks_metrics
ANET,Arista Networks,IA reseau et optique,12,202.86,255852,1,2.98,4.08,5.06,22.7,0,1.62,54.82,210.5,116.13,222,compare_stocks
ALAB,Astera Labs,IA reseau et optique,12,357.84,62080,1,1.84,3.97,6.23,,0,3.77,115.1,499.48,97.89,415,get_zacks_metrics
CRDO,Credo Technology,IA reseau et optique,4,192.35,36153,3,3.46,6.23,9.30,,0,3.22,33.68,308.67,86.49,222,get_zacks_metrics
LITE,Lumentum,IA reseau et optique,6,973.49,87322,2,8.67,21.30,33.79,,0,1.53,164.11,1085.68,147.81,1137,get_zacks_metrics
COHR,Coherent,IA reseau et optique,6,292.21,57224,2,5.61,9.38,13.70,,0,2.10,58.32,440,105.02,322,get_zacks_metrics
VRT,Vertiv,IA energie et refroidissement,12,248.34,95608,2,4.20,6.69,8.96,,0.10,2.07,53.29,379.94,144,295,get_zacks_metrics
CEG,Constellation Energy,IA energie et refroidissement,12,264.58,93743,3,9.39,12.19,13.25,,0.64,1.10,-25.11,412.7,228.63,278,get_zacks_metrics
MSFT,Microsoft,Hyperscalers et plateformes,6,508.96,3779306,3,17.95,19.59,23.18,15.9,0.72,1.11,5.24,553.72,349.2,539,get_zacks_metrics
GOOGL,Alphabet,Hyperscalers et plateformes,12,340.92,4169452,3,10.81,20.55,14.82,16.8,0.26,1.22,8.92,402.62,236.57,361,compare_stocks
AMZN,Amazon,Hyperscalers et plateformes,12,246.67,2660660,3,7.17,13.06,10.58,16.1,0,1.44,6.87,287.2,196.12,266,get_zacks_metrics
META,Meta Platforms,Hyperscalers et plateformes,12,738.79,1882072,3,23.49,31.39,34.39,20.5,0.28,1.25,11.92,777.59,525.72,790,compare_stocks
AAPL,Apple,Hyperscalers et plateformes,9,329.40,4807323,3,7.46,8.85,9.54,13.2,0.33,1.08,21.17,345.34,243.42,345,get_zacks_metrics
RDDT,Reddit,Internet et IA applicative,12,145.36,27967,2,2.62,5.27,6.94,,0,2.02,-36.76,263.5,119.27,160,get_zacks_metrics
APP,AppLovin,Internet et IA applicative,12,305.66,102289,3,10.04,15.76,20.25,,0,2.49,-54.64,738.01,297.5,340,get_zacks_metrics
PLTR,Palantir,Internet et IA applicative,12,186.97,449300,1,0.75,1.61,2.26,,0,1.62,5.19,207.52,106.37,200,get_zacks_metrics
NFLX,Netflix,Internet et IA applicative,12,70.30,292725,4,2.53,3.59,3.83,,0,1.53,-25.02,124.86,65.08,73,get_zacks_metrics
NU,Nu Holdings,Fintech emergente,12,12.35,59968,3,0.623,0.864,1.166,,0,0.94,,18.98,11.2,,get_zacks_metrics
MELI,MercadoLibre,Fintech emergente,12,1724.90,87447,4,39.40,39.11,56.05,,0,1.31,-14.37,2481.1,1495,2023,get_zacks_metrics
SE,Sea Ltd,Fintech emergente,12,98.62,60260,5,3.29,3.79,5.43,,0,1.51,-22.69,193.48,77.27,96,get_zacks_metrics
HOOD,Robinhood,Fintech emergente,12,116.22,104491,1,2.05,2.21,2.73,,0,2.34,2.76,153.86,63.52,144,get_zacks_metrics
UBER,Uber Technologies,Mobilite et robotaxi,12,69.36,141672,3,5.30,3.355,4.591,,0,1.16,-15.11,101.30,65.41,90,get_zacks_metrics ; BPA 2026-2027 : consensus compare_stocks du 30/09/2026
TSLA,Tesla,Mobilite et robotaxi,12,352.84,1393558,4,1.66,1.78,2.86,,0,1.84,-21.54,498.83,297.38,399,get_zacks_metrics
RNMBY,Rheinmetall (ADR),Defense europeenne,12,218.29,50936,2,,8.35,11.59,,0.87,0.17,,468,211.2,247,get_zacks_metrics
SPCX,SpaceX,Autres Nasdaq 100,12,149.24,1967249,3,,-0.15,1.63,,0,,,225.64,104.83,162,get_zacks_metrics
WMT,Walmart,Autres Nasdaq 100,1,106.80,847324,3,2.64,2.91,,,0.93,0.59,-4.14,135.16,98.88,113,get_zacks_metrics
COST,Costco,Autres Nasdaq 100,8,924.59,410036,3,20.45,22.50,,,0.64,0.86,7.22,1096.5,844.06,1034,get_zacks_metrics
INTC,Intel,Autres Nasdaq 100,12,115.93,584751,3,0.42,1.50,1.96,,0,2.22,214.17,142.35,32.89,134,get_zacks_metrics
CSCO,Cisco,Autres Nasdaq 100,7,106.94,421620,2,4.33,5.11,5.58,,1.57,1.00,38.83,130.37,67,116,get_zacks_metrics
AMGN,Amgen,Autres Nasdaq 100,12,423.64,229033,3,21.84,22.94,24.42,,2.38,0.43,29.43,447.03,274.02,399,get_zacks_metrics
TXN,Texas Instruments,Autres Nasdaq 100,12,281.69,257253,3,,8.45,9.84,21.1,,1.33,62.37,,,,profil_screen_precedent
PANW,Palo Alto Networks,Autres Nasdaq 100,7,388.41,317719,3,,4.18,4.91,15,,0.91,110.86,,,,profil_screen_precedent
ADYEY,Adyen (ADR 1/100),Paiements,12,9.80,31050,3,0.380,0.44,0.535,,0,2.34,,18.338,8.925,,"get_zacks_metrics ; FY0 = F1 / 1,1579 (croissance F1 Zacks)"
GRAB,Grab Holdings,Mobilite et robotaxi,12,3.12,12785,3,0.06,0.13,0.1325,29.3,0,0.89,-37.47,6.39,2.80,6.01,compare_stocks
ORCL,Oracle,IA cloud,5,137.79,416641,3,7.63,8.12,10.86,21.1,1.45,1.74,-29.31,313,114.99,246.68,compare_stocks
ATEYY,Advantest (ADR),IA fonderie et equipement,3,223.36,163500,1,3.41,6.48,9.24,,0.12,2.12,76.81,237.44,97.27,257,compare_stocks
SKHY,SK Hynix (ADR),IA memoire et stockage,12,186.68,1363683,2,,25.685,32.661,,0.06,,,199.865,124.80,204,get_zacks_metrics
