pair,rate,source
USDHKD,7.84625,Google Finance clôture 30/09/2026
USDTWD,31.8829,Google Finance clôture 30/09/2026
USDJPY,157.559,Google Finance clôture 30/09/2026
USDKRW,1357.84,Google Finance clôture 30/09/2026
EURUSD,1.1327,Google Finance clôture 30/09/2026
USDBRL,5.1806,Google Finance clôture 30/09/2026
GBPUSD,1.326395,Google Finance clôture 30/09/2026
USDCHF,0.8357,Google Finance clôture 30/09/2026
USDSEK,10.0093,Google Finance clôture 30/09/2026
USDDKK,6.59981,Google Finance clôture 30/09/2026
USDSGD,1.277965,Google Finance clôture 30/09/2026
USDNOK,9.625825,Google Finance clôture 30/09/2026
USDCNY,6.7034,Google Finance clôture 29/09/2026 (30/09 indisponible ; CNH 30/09 : 6,7091)
USDINR,96.05,Google Finance clôture 29/09/2026 (30/09 indisponible)
USDMXN,18.38,Google Finance cours spot du 01/10/2026 (clôtures indisponibles)
