ticker,close_2026_09_30,mcap,beta,high52,low52,currency,name,pe_ttm,eps_ttm
NASDAQ:NVDA,228.38,5559629058837,2.22,236.54,164.27,USD,NVIDIA Corp,29.16,7.91
NASDAQ:AAPL,333.02,4802214750848,1.09,345.34,243.42,USD,Apple Inc,37.69,8.72
NASDAQ:MSFT,512.9,3816989310623,1.11,553.72,349.2,USD,Microsoft Corp,28.64,17.95
NASDAQ:MU,1065.11,1186461261377,2.22,1255,179.61,USD,Micron Technology Inc,23.79,44.17
NASDAQ:AMD,611.76,997588580500,2.48,638.95,163.14,USD,Advanced Micro Devices Inc,156.93,3.9
NASDAQ:AMZN,249.15,2663355645449,1.44,287.16,196,USD,Amazon.com Inc,19.85,12.43
NASDAQ:META,725.18,1854711712202,1.25,779.82,520.26,USD,Meta Platforms Inc,27.4,26.56
NASDAQ:GOOGL,344.08,4156028457982,1.22,408.61,235.84,USD,Alphabet Inc Class A,17.13,19.9
NASDAQ:GOOG,340.74,4156028457982,1.21,404.44,236.69,USD,Alphabet Inc Class C,16.99,19.9
NASDAQ:TSLA,354.81,1415794117911,1.84,498.82,297.38,USD,Tesla Inc,333.02,1.08
NASDAQ:AVGO,351.19,1662989111421,1.24,495,289.96,USD,Broadcom Inc,44.48,7.83
NASDAQ:INTC,120.23,630482296677,2.22,142.34,32.89,USD,Intel Corp,,-2.12
NASDAQ:PLTR,187.05,453745429160,1.62,207.52,106.38,USD,Palantir Technologies Inc,160.89,1.17
NASDAQ:LRCX,328.51,420297021268,1.82,438.5,131.02,USD,Lam Research Corp,58.33,5.76
NASDAQ:AMAT,511.38,419079009499,1.6,739.67,203.46,USD,Applied Materials Inc,45.6,11.59
NASDAQ:CSCO,107.63,425838722282,1,130.37,66.81,USD,Cisco Systems Inc,32.46,3.33
NASDAQ:COST,910.34,407407988272,0.86,1096.5,844.06,USD,Costco Wholesale Corp,44.27,20.76
NASDAQ:NFLX,69.58,284043083636,1.53,124.86,65.1,USD,Netflix Inc,21.49,3.17
NASDAQ:PANW,397.31,321629421997,1.4,404.69,139.57,USD,Palo Alto Networks Inc,979.48,0.4
NASDAQ:SNDK,1739.89,253672383119,,2354.39,115.7,USD,SanDisk Corp,23.5,73.7
NASDAQ:KLAC,194.93,258743545195,1.47,307.37,98.1,USD,KLA Corp,54.19,3.66
NASDAQ:AMGN,421.51,223662154300,0.43,447.01,288,USD,Amgen Inc,25.69,16.1
NASDAQ:TXN,280.09,255567747752,1.33,334.03,152.76,USD,Texas Instruments Inc,42.56,6.57
NASDAQ:LIN,474.65,213433740000,0.72,548.2,387.78,USD,Linde PLC,29.91,15.49
NASDAQ:CRWD,264.75,271854742500,1.26,269.3,85.68,USD,Crowdstrike Holdings Inc,4660.29,0.06
NASDAQ:TMUS,163.08,174287579497,0.34,233.26,161.14,USD,T-Mobile Us Inc,16.98,9.56
NASDAQ:MRVL,264.21,233842961441,2.25,329.88,70.69,USD,Marvell Technology Inc,88.05,3.03
NASDAQ:STX,922.34,209121219637,2.07,1145,209,USD,Seagate Technology Holdings PLC,65.73,13.9
NASDAQ:PEP,126.72,172426682529,0.35,171.48,126.01,USD,PepsiCo Inc,16.58,7.62
NASDAQ:GILD,149.05,183376944193,0.34,157.27,108.46,USD,"Gilead Sciences, Inc",,-2.66
NASDAQ:SHOP,148.3,191002149423,2.62,182.19,94,USD,Shopify Inc.,100.13,1.48
NASDAQ:ADI,396.71,192452460948,1.2,445.83,223.48,USD,Analog Devices Inc,47.16,8.43
NASDAQ:QCOM,184.04,193289257049,1.67,259.92,121.99,USD,Qualcomm Inc,21.29,8.64
NASDAQ:WDC,454.46,161085983101,2.13,799.87,112.52,USD,Western Digital Corp,18.39,24.28
NASDAQ:ASML,1811.67,700145798486,1.79,1999.96,935.41,USD,ASML Holding NV,57.85,31.2
NASDAQ:BKNG,162.91,120589060572,1.04,225,150.14,USD,Booking Holdings Inc,17.75,9.04
NASDAQ:VRTX,522.81,129614836279,0.32,560.25,400.74,USD,Vertex Pharmaceuticals Inc,29.76,17.19
NASDAQ:ISRG,406.63,142736750770,1.47,603.88,328.57,USD,Intuitive Surgical Inc,46.3,8.73
NASDAQ:SBUX,93.96,107239799652,0.97,110.51,77.99,USD,Starbucks Corp,54.26,1.73
NASDAQ:FTNT,178.76,130480016332,1.06,181.36,73.55,USD,Fortinet Inc,62.66,2.84
NASDAQ:ADP,258.06,104031898449,0.82,293.51,188.16,USD,Automatic Data Processing Inc,23.98,10.94
NASDAQ:CEG,254.02,92778904387,1.12,412.7,228.63,USD,Constellation Energy Corp,25.53,10.26
NASDAQ:ARM,289.66,310926845214,,452.61,100.02,USD,Arm Holdings PLC - ADR,298.78,0.97
NASDAQ:ADBE,239.94,92948746850,1.42,363.7,190.12,USD,Adobe Inc,13.31,17.92
NASDAQ:MELI,1728.53,84739701200,1.31,2427.99,1495,USD,MercadoLibre Inc,45.49,36.75
NASDAQ:APP,290.43,94291269028,2.49,738.01,280.8,USD,Applovin Corp,21.62,13.01
NASDAQ:CMCSA,21.76,76703766327,0.67,32.85,21.28,USD,Comcast Corp,7,3.09
NASDAQ:CSX,46.51,85482413577,1.21,53.6,33.64,USD,CSX Corp,26.67,1.73
NASDAQ:INTU,275.71,74438584537,0.98,689.17,252.84,USD,Intuit Inc,16.85,16.48
NASDAQ:MAR,355.67,92003532593,1.11,410.98,256.76,USD,Marriott International Inc,36.59,9.65
NASDAQ:MNST,41.62,82299374692,0.52,50.17,32.94,USD,Monster Beverage Corp,39.02,1.08
NASDAQ:DASH,183.55,78184274133,1.79,285.49,143.3,USD,"Doordash, Inc.",94.71,1.9
NASDAQ:REGN,758.27,75553966128,0.2,859.34,541,USD,Regeneron Pharmaceuticals Inc,18.17,40.45
NASDAQ:CDNS,330.19,94860423694,1.14,416.69,262.75,USD,Cadence Design Systems Inc,68.57,5.03
NASDAQ:CTAS,195.06,78011628181,0.92,219.17,161.16,USD,Cintas Corp,,
NASDAQ:MDLZ,57.82,73840798755,0.39,66.65,51.2,USD,MONDELEZ INTERNATIONAL INC Common Stock,21.22,2.73
NASDAQ:ABNB,160.65,93726423551,1.16,193.45,110.81,USD,Airbnb Inc,36.14,4.4
NASDAQ:ROST,233.4,74493269168,0.86,257,147.49,USD,Ross Stores Inc,28.17,8.27
NASDAQ:SNPS,434.94,91587919715,1.23,539.48,362.55,USD,Synopsys Inc,84.36,5.65
NASDAQ:ORLY,85.41,68171115473,0.52,105.39,82.59,USD,O'Reilly Automotive Inc,26.82,3.14
NASDAQ:DDOG,273.85,98239327935,1.49,292.72,98.01,USD,Datadog Inc,518.11,0.53
NASDAQ:WBD,30.95,77656044556,1.57,30.97,17.08,USD,Warner Bros Discovery Inc,,-1.27
NASDAQ:LITE,971.26,96590563218,1.53,1085.68,147.85,USD,Lumentum Holdings Inc,,-92.96
NASDAQ:AEP,118.64,64799609954,0.51,140.58,111.73,USD,American Electric Power Company Inc,20.63,5.78
NASDAQ:PCAR,109.81,57836973766,0.94,139.24,92.25,USD,PACCAR Inc,23.16,4.75
NASDAQ:HON,210.94,67324394219,,260.15,195.77,USD,Honeywell International Inc,8.25,25.76
NASDAQ:BKR,54.9,54865086907,0.96,70.41,43.92,USD,Baker Hughes Co,17.76,3.11
NASDAQ:MPWR,1347.22,66236148097,1.66,1714.09,833.18,USD,Monolithic Power Systems Inc,82.04,16.43
NASDAQ:FAST,49.53,56818313254,0.72,52.92,38.97,USD,Fastenal Co,42.16,1.18
NASDAQ:NXPI,237.53,59590159907,1.81,339.95,183,USD,NXP Semiconductors NV,20.18,11.72
NASDAQ:TER,400.91,64460833635,1.78,487.91,131.75,USD,Teradyne Inc,56.6,7.29
NASDAQ:FANG,183.81,51728887742,0.41,216.9,137.03,USD,Diamondback Energy Inc,35.82,5.16
NASDAQ:PDD,77.94,109060605429,-0.01,139.41,71.94,USD,PDD Holdings Inc - ADR,8.26,9.28
NASDAQ:ALAB,355.97,62427710036,,499.48,97.89,USD,Astera Labs Inc,177.34,2.03
NASDAQ:NBIS,235.88,63056812810,,299.86,73.52,USD,Nebius Group NV,,-0.4
NASDAQ:XEL,70.48,43961760318,0.39,84.23,68.72,USD,Xcel Energy Inc,19.27,3.65
NASDAQ:CCEP,101.71,44634574355,0.52,113.64,84.66,USD,Coca-Cola Europacific Partners PLC,20.1,5.03
NASDAQ:MSTR,153.09,61070448357,3.59,365.21,81.81,USD,Strategy Inc Class A,,-97.18
NASDAQ:PYPL,52.53,45313759620,1.28,79.22,38.46,USD,PayPal Holdings Inc,9.99,5.3
NASDAQ:ADSK,209,43981960510,1.31,326.2,185.51,USD,Autodesk Inc,27.25,7.71
NASDAQ:EXC,40.4,41687535672,0.29,50.65,39.73,USD,Exelon Corp,14.79,2.73
NASDAQ:PAYX,98.5,35299027683,0.82,129.24,85.45,USD,Paychex Inc,19.69,5.03
NASDAQ:KDP,30.34,42246812228,0.4,33.82,24.88,USD,Keurig Dr Pepper Inc,31.5,0.99
NASDAQ:IDXX,522.19,41092225052,1.54,769.98,500.61,USD,IDEXX Laboratories Inc,36.66,14.23
NASDAQ:FER,54.1,33960803313,0.99,74.79,52.3,USD,Ferrovial NV,,
NASDAQ:TRI,97.33,43459027666,0.74,166.88,76.28,USD,Thomson Reuters Corp,26.63,3.73
NASDAQ:CRWV,87.12,47531424356,,153.2,60.55,USD,CoreWeave Inc,,-3.8
NASDAQ:ROP,349.41,35342222924,0.75,521.28,305.96,USD,Roper Technologies Inc,14.81,24.13
NASDAQ:MCHP,77.77,42007153363,1.75,105.91,48.52,USD,Microchip Technology Inc,115.21,0.67
NASDAQ:AXON,422.52,34324430000,1.4,764.02,339.23,USD,Axon Enterprise Inc,,
NASDAQ:TTWO,207.5,37802762940,0.97,265.65,187.63,USD,"TAKE-TWO INTERACTIVE SOFTWARE, INC Common Stock",,-1.73
NASDAQ:ODFL,173.84,36185799126,1.16,252.03,126.01,USD,Old Dominion Freight Line Inc,33.6,5.2
NASDAQ:WDAY,190.46,44435581176,1.08,247.4,110.36,USD,Workday Inc,36.15,5.1
NASDAQ:RKLB,69.68,42352998037,2.6,151,37.57,USD,Rocket Lab Corp,,-0.28
NASDAQ:ALNY,246.74,31348957084,0.31,495.55,197.81,USD,"Alnylam Pharmaceuticals, Inc.",39.9,5.88
NASDAQ:DXCM,86.29,32437925426,1.42,92.59,54.11,USD,DexCom Inc,34.09,2.52
NASDAQ:CPRT,27.28,24973861343,1.03,45.89,26.74,USD,Copart Inc,17.39,1.55
NASDAQ:WMT,103.92,832210260036,0.59,135.16,98.88,USD,Walmart Inc,38,2.76
NASDAQ:SPCX,150.86,2064426004841,,225.64,104.83,USD,Space Exploration Technologies Corp,,-0.68
NASDAQ:HONA,154.97,48447455389,,266.62,149.19,USD,Honeywell Aerospace Inc,24.87,6.14
NASDAQ:QQQ,739.77,288842901716,1.22,748.63,555.6,USD,"Invesco QQQ Trust, Series 1",,
NYSE:NU,12.66,61972898637,0.94,18.98,11.2,USD,Nu Holdings Ltd.,17.49,0.73
NYSE:UBER,68.51,137954504270,1.16,101.3,65.41,USD,Uber Technologies Inc,14.82,4.56
NYSE:ORCL,137.3,413799886500,1.74,322.54,114.5,USD,Oracle Corp,21.4,6.38
NYSE:ANET,203.59,259446397507,1.75,214.89,114.52,USD,Arista Networks Inc,64.87,3.17
NASDAQ:CRDO,194.79,38355285051,3.22,308.67,86.49,USD,Credo Technology Group Holding Ltd,72.93,2.8
NYSE:COHR,287.81,62711347557,2.1,440,108.19,USD,Coherent Corp,77.54,4.12
NYSE:VRT,241.31,93654129911,2.07,379.94,147.82,USD,Vertiv Holdings Co,55.1,4.42
NYSE:TSM,456.19,2017792900055,1.37,479,266.82,USD,Taiwan Semicndctr Mnufctrng Co Ltd,33.21,13.71
NYSE:LLY,1157.08,1082607203794,0.5,1292.65,783.85,USD,Eli Lilly And Co,38.61,29.8
NYSE:SPOT,487.38,99934838974,1.59,716.86,405,USD,Spotify Technology SA,27.11,17.95
NASDAQ:HOOD,112.5,100589358818,2.34,153.86,63.52,USD,Robinhood Markets Inc,49.5,2.26
NYSE:RDDT,142.44,27685855175,,263.5,119.27,USD,Reddit Inc,33.52,4.3
NYSE:CVNA,62.54,65455538736,3.49,97.38,54.46,USD,Carvana Co,34.45,1.73
NASDAQ:DUOL,142.4,6727164003,0.9,353,87.89,USD,Duolingo Inc,17.14,8.39
NYSE:HIMS,29.79,6781254095,2.42,65.3,13.74,USD,Hims & Hers Health Inc,,-0.63
NASDAQ:NTRA,413.31,60436738072,1.54,427.47,157.43,USD,Natera Inc,,-1.37
NASDAQ:PODD,130.47,8987264472,1.08,354.88,126.5,USD,Insulet Corp,24.2,5.35
NASDAQ:TMDX,83.45,2774011200,1.9,156,60.11,USD,TransMedics Group Inc,20.84,3.84
NYSE:GEV,950.49,256479160500,,1195.94,530.16,USD,GE Vernova Inc,27.56,34.98
NYSE:CLS,361.43,46943775745,2.04,474.03,230.24,USD,Celestica Inc,38.65,9.62
NYSE:ETN,429.71,166911012207,1.17,478,311.92,USD,Eaton Corporation PLC,43.77,9.83
NYSE:VST,138.35,46881522277,1.41,217.1,132.66,USD,Vistra Corp,23.6,5.92
NYSE:NOW,134.01,139964107228,0.97,192.97,81.24,USD,ServiceNow Inc,84.54,1.6
NYSE:NET,347.28,125407745631,1.66,367.43,158.83,USD,Cloudflare Inc,,-0.58
NYSE:SNOW,339.56,119853216430,1.33,384.56,118.3,USD,Snowflake Inc,,-3.17
NYSE:CRM,229.57,190968891270,1.2,269.11,146.32,USD,Salesforce Inc,21.1,10.98
NYSE:V,359.33,668402826000,0.76,385.57,293.89,USD,Visa Inc,30.45,11.75
NYSE:MA,551.47,479321937685,0.74,601.23,464.52,USD,Mastercard Inc,30.08,18.18
NASDAQ:IBKR,85.42,143563455539,1.35,98.75,58.95,USD,"Interactive Brokers Group, Inc.",33.58,2.51
NASDAQ:COIN,186.41,49581654909,3.39,402.16,139.11,USD,Coinbase Global Inc,,-3.86
NYSE:RCL,265.86,71008506000,1.74,356.39,222.22,USD,Royal Caribbean Cruises Ltd,16.39,16.21
NYSE:TOST,28.99,16669520088,1.72,39.73,22.26,USD,Toast Inc,35.67,0.81
NYSE:SE,97.36,53651110963,1.51,193.48,77.05,USD,Sea Ltd,36.13,2.62
NASDAQ:GRAB,3.11,12580753845,0.89,6.6,2.74,USD,Grab Holdings Ltd,21.87,0.14
NYSE:EMBJ,75.32,13638786938,1.82,80.75,53.56,USD,Embraer SA,29.75,2.17
NYSE:ERJ,,,,,,,,,
NYSE:CPA,131.85,5333873536,1,160.47,107.44,USD,"Copa Holdings, S.A.",8.59,15.21
NYSE:PAM,77.77,4400831123,0.93,94.5,57.14,USD,PAMPA ENERGIA SA,,
NYSE:VIST,65.35,7229287338,0.63,81.44,33.45,USD,Vista Energy SAB de CV - ADR,8.53,7.63
NYSE:PAC,205.41,10268391601,0.94,300.41,196.99,USD,Grupo Aeroportr dl Pcfco SAB de CV,18.32,10.77
NYSE:ASR,235.19,6381787930,0.52,381.52,229.31,USD,Grupo Aeroportuario dl Srst SAB CV,12.53,18.34
NASDAQ:OMAB,96.61,4033722850,0.59,134.99,94.39,USD,Grupo Arprtr dl Cntr Nrte SABdeCV,15.24,6.22
NYSE:ARCO,7.15,1420973633,0.48,9.75,6.57,USD,Arcos Dorados Holdings Inc,5.59,1.22
NYSE:TGS,25.95,1850843047,0.61,36.35,20.01,USD,Transportadora de Gas del Sur SA ADR Class B,10.48,2.4
NYSE:LTM,49.89,13756400833,,70.42,41.41,USD,LATAM Airlines Group SA,8.81,5.42
NASDAQ:STNE,9.34,2086890223,1.75,19.64,8.98,USD,StoneCo Ltd,3.59,2.52
NYSE:PAGS,8.9,2433215485,1.29,12.32,8.42,USD,PagSeguro Digital Ltd,5.99,1.45
NASDAQ:INTR,5.34,2273664787,0.94,10.36,4.97,USD,Inter & Co Inc,7.69,0.67
NASDAQ:DLO,13.76,3936887844,0.94,16.78,10.64,USD,Dlocal Ltd.,20.07,0.68
NASDAQ:XP,21,10628103059,1.06,23.13,14.8,USD,XP Inc,10.53,1.96
NYSE:GLOB,34.7,1636937113,0.99,72.1,27.56,USD,Globant SA,14.73,2.56
NYSE:VTEX,3.65,609248779,0.99,4.62,2.84,USD,VTEX,21.73,0.17
NYSE:BMA,66.93,4280233686,1.29,106.15,39.3,USD,Banco Macro SA ADR Class B,,
NASDAQ:GGAL,37.24,5041779017,1.25,62.39,26.06,USD,Grupo Financiero Galicia SA,98.77,0.36
NYSE:ITUB,8.53,96599843715,0.48,9.6,6.54,USD,Itau Unibanco Holding SA ADR,10.41,0.8
NYSE:BAP,379.87,29740212772,1.04,413.25,230.45,USD,Credicorp Ltd,13.85,27.04
NYSE:CIB,92.85,23348015253,0.56,105.6,50.72,USD,Grupo Cibest SA ADR,15.7,5.8
NYSE:CIEN,351.82,52830754943,1.3,637.51,147.36,USD,Ciena Corp,83.07,4.48
NYSE:CCJ,86.67,36891925757,1.07,135.24,77.7,USD,Cameco Corp,147.93,0.57
NYSE:NVO,37.91,129222245377,0.73,64.16,35.12,USD,Novo Nordisk A/S,9.48,3.97
NASDAQ:ARGX,958.91,59318368140,0.47,1072.75,661.85,USD,argenx SE - ADR,35.97,26.32
NYSE:SAP,208.48,261558067682,1.15,281.37,144.97,USD,SAP SE,27.87,7.57
NASDAQ:MMYT,47.2,4478132860,1,96.6,32.67,USD,Makemytrip Ltd,159.68,0.3
NYSE:CPNG,13.87,24598938789,1.15,32.96,13.41,USD,Coupang Inc,,-0.43
NYSE:BABA,107.54,266536997781,0.79,192.67,91.99,USD,Alibaba Group Holding Ltd - ADR,23.61,4.54
NASDAQ:NTES,121.16,77518396660,0.72,156.44,106.07,USD,NetEase Inc,16.1,7.52
NASDAQ:TCOM,39.1,25325858377,-0.05,78.99,38.04,USD,Trip.com Group Ltd,5.74,6.76
NASDAQ:BIDU,86.87,29336233957,0.57,165.3,85.65,USD,Baidu Inc,,-2.08
NASDAQ:JD,26.6,37181125862,0.35,36.86,24.51,USD,JD.Com Inc,17.28,1.53
NASDAQ:LI,11.36,11654820972,0.55,26.33,11.09,USD,Li Auto Inc,,-0.68
NYSE:XPEV,9.56,9199795250,1.11,28.24,9.44,USD,Xpeng Inc - ADR,,-0.49
NYSE:FLUT,74.54,13142109052,1.07,257.76,74.35,USD,Flutter Entertainment PLC,,-4.3
NYSE:TEVA,39.6,44983678444,1.06,40.79,18.83,USD,Teva Pharmaceuticals,,
NYSE:AXON,,,,,,,,,
NYSE:CCL,24.54,33164806881,2.31,34.03,21.45,USD,Carnival Corporation Ltd,10.61,2.33
NASDAQ:ALGN,145.35,10201320021,1.65,200.25,124.91,USD,Align Technology Inc,24.91,5.77
NYSE:SMCI,,,,,,,,,
NASDAQ:SMCI,41.07,26705446528,2,58.78,19.49,USD,Super Micro Computer Inc,12.49,3.26
NYSE:DELL,537.95,337584813921,1.34,595.51,110.22,USD,Dell Technologies Inc,30.83,17.23
NYSE:GE,312.29,323926869065,1.36,388.84,268.91,USD,General Electric Company,36.75,8.49
NYSE:APH,84.3,211826483162,1.13,89.26,59.01,USD,Amphenol Corp,43.01,2
NYSE:HWM,226.18,90687413185,1.19,310,183.83,USD,Howmet Aerospace Inc,49.12,4.63
NYSE:TDG,1082.6,59810577902,0.9,1463.03,1071.25,USD,TransDigm Group Inc,32.82,32.96
NYSE:BSX,43.65,62708139493,0.57,105.65,42.2,USD,Boston Scientific Corp,17.55,2.47
NYSE:TMO,675.05,246018692658,0.85,683.63,435.27,USD,Thermo Fisher Scientific Inc,35.82,18.58
NYSE:OKLO,37.02,6795222700,1.18,193.84,34.38,USD,Oklo Inc,,-0.93
NYSE:SOFI,,,,,,,,,
NYSE:MSCI,538.66,39114050039,1.22,644.77,501.08,USD,Msci Inc,29.43,18.28
OTCMKTS:RNMBY,215.5,44399553380,0.22,468,211.2,USD,Rheinmetall ADR,,
OTCMKTS:ADYEY,9.82,27045077506,2.3,18.34,8.93,USD,Adyen Unsponsored Netherl 100 ADR Representing 1 Ord Shs,,
OTCMKTS:ATEYY,220.86,167203948646,2.04,240.89,102.72,USD,Advantest Corp,57.87,4.01
OTCMKTS:HXSCL,,,,,,,,,
OTCMKTS:FINMY,27.58,27751219200,0.23,37.51,25.59,USD,Leonardo S P A Unsponsored ADR,,
OTCMKTS:THLLY,50.72,52367495142,0,65.46,48.75,USD,Thales SA,,
OTCMKTS:BAESY,103.63,58223227720,-0.11,126,84.5,USD,BAE Systems PLC - ADR,27.72,3.7
OTCMKTS:SIEGY,155.3,241351987396,1.34,169.47,115.56,USD,Siemens AG,26.74,5.75
OTCMKTS:TCEHY,54.22,3920005771000,0.32,87.68,52.84,USD,Tencent Holdings ADR,,
OTCMKTS:BYDDY,9.6,798476599883,0.24,14.58,9.21,USD,BYD Company ADR,,
OTCMKTS:SMEGF,165.69,123787008325,1.72,223.95,108,USD,Siemens Energy AG,,
OTCMKTS:SBGSY,65.75,169010640871,1.49,71.98,50.61,USD,SCHNEIDER ELEC ADR,,
OTCMKTS:PRYMY,70.07,38592255977,1.36,92.89,45.72,USD,Prysmian S P A Milano Unsponsored Italy ADR,,
OTCMKTS:SAFRY,93.93,137467972393,1.04,106.71,76.86,USD,Safran ADR,,
OTCMKTS:HTHIY,34.53,158059765901,0.99,39,27.15,USD,Hitachi Ltd,30.62,1.12
OTCMKTS:MHVYF,25.08,12961547932000,-0.05,34.5,20.59,USD,Mitsubishi Heavy Industries Ltd,,
OTCMKTS:FKURY,,,,,,,,,
OTCMKTS:SONY,,,,,,,,,
OTCMKTS:NTDOY,12.53,10220836460000,0.45,22.89,10.18,USD,Nintendo ADR,,
OTCMKTS:TOELY,,29439250540000,1.87,249.37,81.5,USD,Tokyo Electron Limited,,
OTCMKTS:DSCSY,36.7,6559154296000,1.54,58,26.33,USD,Disco ADR,,
OTCMKTS:LSRCY,52.54,4309831344000,2.1,72.89,24.9,USD,Lasertec ADR,,
OTCMKTS:MDTKF,,,,,,,,,
OTCMKTS:HNHPF,15.71,3575237960000,1.2,20.26,11.5,USD,Hon Hai Precision Industry Co Ltd-ADR,,
OTCMKTS:DLEGF,,3218245000000,,11.65,5.44,USD,Delta Electronics (Thailand) Ord Shs F,,
OTCMKTS:WWNNF,,,,,,,,,
OTCMKTS:SSNLF,,1.77457E+15,,65.21,65.21,USD,Samsung Electronics Co Ltd,,
OTCMKTS:HWAEF,,,,,,,,,
OTCMKTS:CTLLF,,26184999,,0.04,0.04,USD,Close The Loop Ltd,,
OTCMKTS:XIACY,16.09,650550898100,0.42,35.94,13.55,USD,Xiaomi Unsponsored ADR Representing 5 Ord Shs,,
OTCMKTS:PMRTY,19.36,203229483528,0.08,37,17.75,USD,Pop Mart International Group ADR,,
OTCMKTS:MPNGY,18.03,442782183953,0.09,27.54,16.23,USD,MEITUAN Unsponsored ADR,,
OTCMKTS:RLNIY,,,,,,,,,
OTCMKTS:ASMIY,1004.67,44158909610,1.99,1248.72,532.31,USD,ASM International NV,40.69,24.78
OTCMKTS:BESIY,217.14,15523365870,2.03,374.33,140.07,USD,BE Semiconductor Industries NV,73.73,2.92
OTCMKTS:NVZMY,63.42,173926300000,0.9,75.27,49.9,USD,NOVONESIS NOVOZYMES B Unsponsored Denmark ADR,,
AMS:ASML,1596.8,700145798486,,1741,812.1,EUR,ASML Holding NV,59.3,26.96
AMS:ASM,888,44158909610,,1092.5,459.7,EUR,ASM International NV (Amsterdam),40.97,21.87
AMS:BESI,191.8,15523365870,,328.4,120.15,EUR,BE Semiconductor Industries NV,74.18,2.58
AMS:ADYEN,876.6,27045077506,,1600.8,772.4,EUR,Adyen NV,24.02,35.57
AMS:PRX,35.52,76341440011,,63.94,34.86,EUR,Prosus NV,7.5,4.66
AMS:INPST,15.57,7821982044,,15.87,9.19,EUR,InPost SA,73.93,0.21
ETR:RHM,956.4,44399553380,,2008,900.2,EUR,Rheinmetall AG,61.25,15.5
ETR:ENR,142.6,123787008325,,191.66,94.4,EUR,Siemens Energy AG,45.95,3.11
ETR:SIE,275.5,241351987396,,291.7,198,EUR,Siemens AG,26.95,10.14
ETR:SAP,185.66,261558067682,,244.3,127.5,EUR,SAP SE,28.11,6.68
ETR:IFX,59.5,77732829783,,88.83,31.27,EUR,Infineon Technologies AG,65.35,0.91
ETR:HAG,76.24,8944603086,,117.7,63.18,EUR,Hensoldt AG,73.85,1.05
ETR:MTX,374.6,19978447084,,404.8,265.2,EUR,MTU Aero Engines AG,21.22,17.43
ETR:NEM,60.55,7116601716,,113.7,50.45,EUR,Nemetschek SE,28.85,2.13
ETR:SRT3,259.4,16901226324,,270,198.5,EUR,Sartorius AG Preference Shares,87.92,2.84
ETR:DTE,26.11,126131546817,,34.36,23.53,EUR,Deutsche Telekom AG,14.54,1.79
ETR:ALV,416.3,156861568035,,454.6,338.8,EUR,Allianz SE,13.49,30.5
ETR:MUV2,502.4,63287371912,,575.6,437.4,EUR,Mnchnr Rckvrschrngs-Gsllschft n Mnchn AG,9.31,53.62
EPA:SU,292,169010640871,,312.3,220.4,EUR,Schneider Electric SE,35.27,8.28
EPA:LR,141.6,36688171829,,166.95,121.95,EUR,Legrand SA,28.58,4.9
EPA:NEX,131.9,5813948123,,169,109.7,EUR,Nexans SA,72.45,1.83
EPA:SAF,334.4,137467972393,,366.5,262.6,EUR,Safran SA,35.31,9.31
EPA:RMS,1336.5,138242998350,,2300,1298.5,EUR,Hermes International SCA,30.43,43
EPA:MC,390,188345996842,,654.7,379.1,EUR,LVMH Moet Hennessy Louis Vuitton SE,17.35,21.93
EPA:SPIE,42.26,7035131475,,53.45,41.26,EUR,Spie SA,23.61,1.76
EPA:SOI,155.95,5742824827,,200.5,22.62,EUR,Soitec SA,,-6.23
EPA:STMPA,46.88,48309539082,,70.85,18.2,EUR,STMicroelectronics NV,,
EPA:DSY,20.49,27561702928,,30.36,15.83,EUR,Dassault Systemes SE,20.62,1
EPA:AI,170.88,106624475704,,182.26,140.78,EUR,L'Air Lqd Sct Any Pr l'td t l'x Ds Pd Gg,30.03,5.56
EPA:AIR,190.62,147570738983,,221.3,157.42,EUR,Airbus SE,24.85,7.51
EPA:HO,224.5,52367495142,,279.3,212.6,EUR,Thales SA,31.01,7.27
EPA:SW,55.35,7910950244,,59.35,35.5,EUR,Sodexo SA,17.56,3.05
EPA:EL,145.6,67339277003,,323.8,138.3,EUR,EssilorLuxottica SA,27.18,5.36
EPA:CAP,104.4,19456824700,,153.05,85.62,EUR,Capgemini SE,14.49,7.88
EPA:DG,106.95,61814639871,,143.15,104.25,EUR,Vinci SA,11.69,9.01
BIT:PRY,124,38592255977,,157.25,79.16,EUR,Prysmian SpA,25.66,4.88
BIT:LDO,49,27742547296,,66.26,44.25,EUR,Leonardo SpA,24.6,1.95
BIT:RACE,346.4,60815490175,,431.2,269,EUR,Ferrari NV,37.16,9.22
BIT:BC,81.22,5384240020,,102.4,69.02,EUR,Brunello Cucinelli SpA,39.09,2.03
BIT:MONC,44.64,11967801090,,59.4,42.77,EUR,Moncler SpA,18.54,2.35
BIT:UCG,82.9,120440130381,,86.42,57.36,EUR,UniCredit SpA,11.34,7.05
BIT:ISP,6.65,113224041225,,6.94,4.81,EUR,Intesa Sanpaolo SpA,11.36,0.56
LON:RR,1461.6,122236691734,,1586,990,GBX,Rolls-Royce Holdings PLC,40.69,0.36
LON:BA,1957.5,58223227720,,2360,1529,GBX,BAE Systems plc,27.81,0.7
LON:WISE,864.4,8642312021,,1101.5,754,GBX,Wise Group PLC,,
LON:LSEG,8160,39398450000,,10140,6684,GBX,London Stock Exchange Group Plc,,
LON:REL,2496,57577680000,,3561,1991,GBX,Relx PLC,20.11,1.25
LON:AZN,12280,187117827520,,15732,9892,GBX,AstraZeneca PLC (US),23.91,5.04
LON:RMV,447,3277446916,,707.6,391.4,GBX,Rightmove Plc,15.68,0.29
LON:AUTO,452.8,3516709043,,828.8,418.6,GBX,Autotrader Group PLC,13.45,0.34
LON:GAW,17990,5571447696,,23540,14070,GBX,Games Workshop Group PLC,27.08,6.22
LON:EXPN,2465,21577694685,,3723,2203,GBX,Experian plc,19.83,1.23
LON:AHT,,,,,,,,,
LON:CPG,29.48,49770608499,,2643.49,26,USD,Compass Group plc,,
LON:III,2624,26000049600,,4497,1825,GBX,3i Group plc,4.89,5.19
STO:SAAB-B,617.8,332907475046,,748.8,445.1,SEK,Saab AB,47.47,13.13
STO:EVO,781.6,144652433834,,911,515.4,SEK,Evolution AB (publ),13.12,60.24
STO:ATCO-A,206.3,970972200000,,212.3,149.45,SEK,Atlas Copco AB Class A,,
STO:ALFA,559.2,231132100000,,592.2,426,SEK,Alfa Laval AB (publ),,
STO:ABB,953.6,144758430381,,1058.5,638.8,SEK,ABB Ltd,,
CPH:NOVO-B,253.2,129222245377,,409.95,224.25,DKK,Novo Nordisk A/S,,
CPH:ZEAL,271.1,19413470000,,556,233.5,DKK,Zealand Pharma A/S,,
CPH:DSV,1168,280839200000,,1913.5,1148,DKK,Dsv A/S,,
CPH:COLO-B,417.9,87842580000,,631.4,369.7,DKK,Coloplast A/S,,
SWX:VACN,680.8,20417999267,,727.2,305.1,CHF,VAT Group AG,98.56,6.91
SWX:COTN,371.4,2922230250,,452.2,174.3,CHF,Comet Holding AG,163.68,2.29
SWX:LONN,575.2,39412521269,,597.8,454.6,CHF,Lonza Group AG,,-1.57
SWX:ALC,53.98,26484100000,,68.34,47.8,CHF,Alcon AG,48.74,1.09
SWX:GALD,165.85,38417244585,,188.25,134.2,CHF,Galderma Group AG,52.86,3.06
SWX:PGHN,602.2,15843780651,,1097.5,591,CHF,Partners Group Holding AG,12.99,45.7
SWX:IFCN,191.4,4807184709,,200.5,91.2,CHF,INFICON Holding AG,58.89,3.34
SWX:STMN,91.54,14548692107,,109.8,73.02,CHF,Straumann Holding AG,39.32,2.32
SWX:ABBN,79.42,144758430381,,89.14,53.78,CHF,ABB Ltd,33.95,2.34
SWX:NOVN,119.96,291287705494,,132.68,97.05,CHF,Novartis AG,21.42,5.52
SWX:ROG,,,,,,,,,
SWX:UBSG,40.29,,,45.04,28.25,CHF,UBS Group AG,15.88,2.45
EBR:ARGX,846.8,59318368140,,925,568.4,EUR,argenx SE,36.3,23.21
EBR:UCB,205.1,39581889600,,289.5,200.7,EUR,UCB SA,17.99,11.31
HEL:NOKIA,9.02,59604680719,,15,3.98,EUR,Nokia Oyj,72.31,0.13
OSL:KOG,,,,,,,,,
OSL:SCATC,,,,,,,,,
MAD:FER,,,,,,,,,
MAD:ITX,,,,,,,,,
VIE:SBO,29.55,470399993,,37.95,25.75,EUR,SBO AG,87.98,0.33
TPE:2330,2480,2017970178278,,2705,1325,TWD,Taiwan Semiconductor Manufacturng Co Ltd,28.72,87.38
TPE:2454,4920,7992660960000,,5480,1130,TWD,MediaTek Inc,82.23,60.56
TPE:2317,251.5,3575237960000,,314,187.5,TWD,Hon Hai Precision Industry Co Ltd,16.88,15.04
TPE:2308,1890,4948319415000,,2585,860,TWD,Delta Electronics Inc,60.74,31.36
TPE:6669,2090,1176372264000,,2875,1076.17,TWD,Wiwynn Corp,21.14,99.82
TPE:2382,333.5,1371947752000,,438,260,TWD,Quanta Computer Inc,15.15,22.04
TPE:3017,3435,1378272051000,,3600,986,TWD,Asia Vital Components Co Ltd,47.5,73.9
TPE:3711,703,98147659904,,729,162.5,TWD,ASE Technology Holding Co Ltd,53.59,13.25
TPE:3661,3740,324938701500,,5640,2480,TWD,Alchip Technologies Ltd,53.96,69.77
TPE:2360,2135,884511056000,,2795,580,TWD,Chroma ATE Inc,53.24,39.07
TPE:3037,1175,1994168565000,,1230,144.87,TWD,Unimicron Technology Corp,79.28,15.33
TPE:2383,4935,1782647472500,,6470,1085,TWD,Elite Material Co Ltd,77.83,63.92
TPE:3443,8040,1058694010000,,8545,1340,TWD,Global Unichip Corp.,202.97,38.92
TPE:5274,,,,,,,,,
TPE:2449,294.5,380029072000,,350,152.38,TWD,King Yuan Electronics Co Ltd,40.83,7.25
TPE:3008,5945,811602831000,,7995,2020,TWD,LARGAN Precision Co Ltd,33.81,183.53
TPE:2345,1775,1066124010000,,2825,884,TWD,Accton Technology Corp,30.01,63.31
KRX:000660,1776000,966807296831,,2987000,351000,KRW,SK Hynix Inc,8.06,227524.8
KRX:005930,268500,1.77457E+15,,374500,84700,KRW,Samsung Electronics Co Ltd,12.28,22475.73
KRX:012450,1007000,53316545260000,,1655000,783000,KRW,Hanwha Aerospace Co Ltd,26.72,38703.39
KRX:267260,662000,24259711760000,,1430000,538000,KRW,HD Hyundai Electric Co Ltd,28.47,23637.69
KRX:207940,1391000,66149753260000,,1987000,999000,KRW,Samsung Biologics Co Ltd,30.9,46252.98
KRX:064350,111600,12278497500000,,282000,110100,KRW,Hyundai Rotem Co,15.2,7399.52
KOSDAQ:196170,254500,18458606800000,,437691.88,194615.19,KRW,Alteogen Inc,108.44,2443.78
KRX:007660,115100,9058696514000,,164400,57900,KRW,Isu Petasys Co Ltd,45.08,2737.32
KRX:079550,682000,15928000000000,,1118000,360000,KRW,LIG Defense & Aerospace Co Ltd,55.21,13114.04
KRX:034020,81600,52590066310000,,139200,57000,KRW,Doosan Enerbility Co Ltd,289.9,283.2
KRX:042700,256500,25591325700000,,426000,94300,KRW,Hanmi Semiconductor Co Ltd,114.75,2339.94
KRX:035420,193700,29080430160000,,304000,181100,KRW,Naver Corp,14.38,13293.37
TYO:6857,,,,,,,,,
TYO:8035,,,,,,,,,
TYO:6146,,,,,,,,,
TYO:6920,,,,,,,,,
TYO:7735,,,,,,,,,
TYO:6525,,,,,,,,,
TYO:4062,,,,,,,,,
TYO:5803,,,,,,,,,
TYO:6501,,,,,,,,,
TYO:7011,,,,,,,,,
TYO:7013,,,,,,,,,
TYO:6503,,,,,,,,,
TYO:6504,,,,,,,,,
TYO:6861,,,,,,,,,
TYO:6758,,,,,,,,,
TYO:7974,,,,,,,,,
TYO:8136,,,,,,,,,
TYO:6098,,,,,,,,,
TYO:9984,,,,,,,,,
TYO:4063,,,,,,,,,
TYO:5801,,,,,,,,,
TYO:5802,,,,,,,,,
TYO:6526,,,,,,,,,
TYO:7741,,,,,,,,,
TYO:6954,,,,,,,,,
TYO:6273,,,,,,,,,
TYO:6762,,,,,,,,,
TYO:9983,,,,,,,,,
TYO:7203,,,,,,,,,
TYO:6723,,,,,,,,,
TYO:6594,,,,,,,,,
HKG:9988,106.6,266412602939,,186.2,88.65,HKD,Alibaba Group Holding Ltd,25.23,4.23
HKG:0700,431,3920005771000,,683,411,HKD,Tencent Holdings Ltd,14.42,29.9
HKG:3690,71.7,442782183953,,108,63.65,HKD,Meituan,,-7.38
HKG:9961,308.2,25325858377,,613,299.2,HKD,Trip.com Group Ltd,7.65,40.3
HKG:1211,75.6,798476599883,,114.7,71.4,HKD,BYD Ord Shs H,20.01,3.78
HKG:3750,484.2,1590141892088,,794.5,457,HKD,Contemporary Amperex Technology Co Ltd,,
HKG:1810,25.24,650550898100,,56.55,21.3,HKD,Xiaomi Corp,17.45,1.45
HKG:9992,152.6,203229483528,,291.4,140.1,HKD,Pop Mart International Group Ltd,13.13,11.63
HKG:9999,192.6,77518396660,,244.8,168.8,HKD,NetEase Inc,16.35,11.78
HKG:0388,387.8,491666785323,,460.2,360,HKD,Hong Kong Exchanges and Clearing Ltd,24.82,15.62
HKG:1299,73.6,761512688212,,92.15,68.95,HKD,AIA Group Ltd,12.27,6
HKG:2020,73.75,206253158750,,93.7,66.85,HKD,ANTA Sports Products Ltd,11.27,6.55
HKG:6682,26.76,14906320951,,70,23.7,HKD,Phancy Group Co Ltd,75.72,0.35
HKG:9660,4.18,66431274271,,9.88,3.6,HKD,Horizon Robotics,,-0.14
HKG:0981,60.65,712505300925,,93.5,49.32,HKD,Semiconductor Manufacturing International Ord Shs,59.44,1.02
HKG:2015,45.04,11660028787,,103.3,43.94,HKD,Li Auto Inc,,-2.67
HKG:9868,37.86,9199795250,,110.8,36.66,HKD,Xpeng Inc,,-1.91
HKG:1024,30.94,133170403298,,92.6,29.14,HKD,Kuaishou Technology,7.39,4.19
HKG:0268,7.35,25797247818,,17.73,5.63,HKD,Kingdee International Softwre Grp Co Ltd,90.28,0.08
HKG:2382,63.35,68352367753,,91.4,51.5,HKD,Sunny Optical Technology Group Co Ltd,12.29,5.16
SHE:300750,291.11,1590141892088,,468.75,285.74,CNY,Contemporary Amperex Technology Co Ltd,15.57,18.69
NSE:ETERNAL,320,2845221604500,,368.45,212.6,INR,Eternal Ltd,659.51,0.47
NSE:RELIANCE,1187,15774324280000,,1611.8,1160.8,INR,Reliance Industries Ltd,21.2,55.22
NSE:BHARTIARTL,1757,10432300071000,,2174.5,1726.3,INR,Bharti Airtel Ltd,36.5,47.84
NSE:DIXON,13100,767260340000,,17505,9600,INR,Dixon Technologies (India) Ltd,38.05,335.22
NSE:POLYCAB,8026,1202933063500,,10126,6663,INR,Polycab India Ltd,42.1,189.76
NSE:BAJFINANCE,959.4,589737533923,,1176.4,787.9,INR,Bajaj Finance Ltd,29.09,32.58
NSE:HDFCBANK,708.7,115783911060,,1020.5,681.9,INR,HDFC Bank Ltd,14.08,51.21
NSE:ICICIBANK,1321.7,98012231216,,1480,1187.6,INR,ICICI Bank Ltd,17.03,77.38
NSE:INDIGO,4984,1901759922237,,5970,3895.2,INR,Interglobe Aviation Ltd,,-124.13
NSE:TRENT,2621.6,923238003088,,3399.7,2183.66,INR,Trent Ltd,76.03,33.92
NSE:PERSISTENT,5279,841428034450,,6599,4244.5,INR,Persistent Systems Ltd,43.96,122.15
NSE:COFORGE,1749.1,112908493407,,2021.2,1008.1,INR,Coforge Ltd,34.56,52.79
NSE:TATAELXSI,3088.9,193073774040,,5950,3046.2,INR,Tata Elxsi Ltd,29.33,105.09
NSE:KPITTECH,499.1,134101025100,,1284.9,484.5,INR,KPIT Technologies Ltd,23.2,21.29
NSE:VBL,432,1435519722500,,555.8,381,INR,Varun Beverages Ltd,42.29,10.01
SGX:S63,,,,,,,,,
SGX:D05,,,,,,,,,
BVMF:WEGE3,49.46,207599294977,,54.53,35.41,BRL,Weg SA,33.16,1.49
BVMF:RENT3,40.5,44970582193,,51.92,31.28,BRL,Localiza Rent a Car SA,12.69,3.15
BVMF:BPAC11,64.1,240260257643,,64.79,44.12,BRL,Banco BTG Pactual SA Unit,40.35,1.57
BVMF:TOTS3,33.43,19977760006,,47.68,26.76,BRL,Totvs SA,14.34,2.4
BVMF:EMBR3,,,,,,,,,
BVMF:PETR4,49.12,129069279411,,50.7,26.72,BRL,Petroleo Brasileiro SA Petrobras Preference Shares,4.78,10.35
BVMF:VALE3,69.91,59019320359,,89.13,53.74,BRL,Vale SA,28.5,2.42
BVMF:ITUB4,44.28,96599843715,,48.83,33.38,BRL,Itau Unibanco Holding SA Preference Shares,10.53,4.14
BVMF:PRIO3,60.9,53867855112,,72.98,34.18,BRL,Prio SA,12.88,4.8
BVMF:RAIZ4,0.31,448448897,,1.13,0.21,BRL,Raizen SA,,-2.6
BVMF:SUZB3,44.2,54382313918,,59.64,39.17,BRL,Suzano SA,6.52,6.59
BMV:WALMEX,46.11,43319072978,,63.97,44.8,MXN,Wal Mart de Mexico SAB de CV,15.96,2.89
BMV:GFNORTEO,190.75,531182484500,,210,164,MXN,Grupo Financiero Banorte SAB de CV,8.77,21.06
BMV:FEMSAUBD,213.23,35444837779,,235.35,168.81,MXN,Fomento Economico Mexicano SAB de CV Unit,23.15,9.12
BMV:GAPB,371.2,10268391601,,512.65,338.35,MXN,Grupo Aeroportuario del Pacifico SABdeCV,18.62,19.46
BMV:ASURB,425.76,6381787930,,652.9,411.65,MXN,Grupo Aeroportuario del Surest SAB de CV,12.71,33.13
BMV:OMAB,217.98,4033722850,,289.74,205.16,MXN,Grupo Aeroportuario del Centro Norte B Ord Shs,15.38,14.04
BMV:BIMBOA,54.9,236795143278,,68.67,53.03,MXN,Grupo Bimbo SAB de CV,20.13,2.74
BMV:AMXB,19.17,62170927027,,24.49,17.48,MXN,America Movil SAB de CV,12.78,1.48
INDEXNASDAQ:NDX,30408.5,,,30770.63,22841.42,,Nasdaq-100,,
INDEXSP:.INX,7651.54,,,7816.7,6316.91,,S&P 500,,
