ticker,name,region,country,currency,listing,pea,theme,price,price_date,price_source,mcap_usd_bn,fy_end_month,eps_basis,fy2025,fy2026,fy2027,fy2028,fy2029,ltg_pct,beta,div_yield_pct,zacks_rank,w52_low,w52_high,target,cyclical,ntm_base,source_note
NVDA,NVIDIA,États-Unis,États-Unis,USD,NVDA,Non,IA calcul,228.38,2026-09-30,"Google Finance (NASDAQ:NVDA), clôture 30/09/2026",5475.761,1,BPA non-GAAP consensus Zacks,,4.77,9.25,15.33,,14.0,2.22,0.44,1.0,165.17,235.74,261.0,0,,Zacks (compare_stocks) au 30/09/2026 via dépôt elgateaux/bourse
AMD,Advanced Micro Devices,États-Unis,États-Unis,USD,AMD,Non,IA calcul,611.76,2026-09-30,"Google Finance (NASDAQ:AMD), clôture 30/09/2026",991.843,12,BPA non-GAAP consensus Zacks,4.17,7.48,14.67,,,,2.48,0.0,3.0,159.33,639.0,645.0,0,,Zacks (get_zacks_metrics) au 30/09/2026 via dépôt elgateaux/bourse
AVGO,Broadcom,États-Unis,États-Unis,USD,AVGO,Non,IA calcul,351.19,2026-09-30,"Google Finance (NASDAQ:AVGO), clôture 30/09/2026",1695.116,10,non-GAAP (fy2025 réalisé : communiqué 11/12/2025 ; fy2026-27 : StockAnalysis n.d. ; fy2028 : LSEG via CNBC 02/09/2026),6.82,11.79,19.04,25.86,,,1.44,0.73,3.0,289.96,495.0,531.85,0,,Zacks (compare_stocks) au 30/09/2026 via dépôt elgateaux/bourse ; deep dive 01/10/2026 (research/deepdives/AVGO.md)
MRVL,Marvell Technology,États-Unis,États-Unis,USD,MRVL,Non,IA calcul,264.21,2026-09-30,"Google Finance (NASDAQ:MRVL), clôture 30/09/2026",230.861,1,BPA non-GAAP consensus Zacks,,2.84,4.21,6.65,8.18,,2.25,0.09,3.0,70.69,329.88,270.0,1,,Zacks (get_zacks_metrics) au 30/09/2026 via dépôt elgateaux/bourse
TSM,TSMC,Asie,Taïwan,USD,TSM,Non,IA fonderie et équipement,456.19,2026-09-30,"Google Finance (NYSE:TSM), clôture 30/09/2026",2369.922,12,"BPA dilué IFRS (TSMC ne publie pas de non-GAAP), USD par ADR (1 ADR = 5 actions). fy2026 = consensus Zacks (sept. 2026) ; fy2027 = Yahoo Finance, 13 analystes (",10.65,16.56,21.22,28.05,,27.3,1.39,0.77,2.0,266.82,479.0,552.26,0,,Zacks (compare_stocks) au 30/09/2026 via dépôt elgateaux/bourse ; deep dive 01/10/2026 (research/deepdives/TSM.md)
ASML,ASML,Europe,Pays-Bas,USD,ASML,"Oui via Euronext Amsterdam (ASML, EUR)",IA fonderie et équipement,1811.67,2026-09-30,"Google Finance (NASDAQ:ASML), clôture 30/09/2026",721.436,12,BPA non-GAAP consensus Zacks,27.95,44.01,58.49,,,,1.79,0.4,3.0,935.41,1999.96,1902.0,1,,Zacks (get_zacks_metrics) au 30/09/2026 via dépôt elgateaux/bourse
LRCX,Lam Research,États-Unis,États-Unis,USD,LRCX,Non,IA fonderie et équipement,328.51,2026-09-30,"Google Finance (NASDAQ:LRCX), clôture 30/09/2026",405.286,6,BPA non-GAAP consensus Zacks,,5.81,9.32,11.33,,,1.85,0.41,2.0,130.81,438.5,362.0,0,,Zacks (get_zacks_metrics) au 30/09/2026 via dépôt elgateaux/bourse
AMAT,Applied Materials,États-Unis,États-Unis,USD,AMAT,Non,IA fonderie et équipement,511.38,2026-09-30,"Google Finance (NASDAQ:AMAT), clôture 30/09/2026",406.33,10,BPA non-GAAP consensus Zacks,9.42,12.79,18.27,,,,1.6,0.41,2.0,202.87,739.67,558.0,0,,Zacks (get_zacks_metrics) au 30/09/2026 via dépôt elgateaux/bourse
KLAC,KLA,États-Unis,États-Unis,USD,KLAC,Non,IA fonderie et équipement,194.93,2026-09-30,"Google Finance (NASDAQ:KLAC), clôture 30/09/2026",256.473,6,BPA non-GAAP consensus Zacks,,3.76,5.43,6.54,,,1.45,0.47,4.0,98.1,307.37,199.0,0,,Zacks (get_zacks_metrics) au 30/09/2026 via dépôt elgateaux/bourse
MU,Micron Technology,États-Unis,États-Unis,USD,MU,Non,IA mémoire et stockage,1065.11,2026-09-30,"Google Finance (NASDAQ:MU), clôture 30/09/2026",1202.894,8,BPA non-GAAP consensus Zacks,8.29,73.91,158.45,,,,2.22,0.06,3.0,163.96,1255.0,1151.0,1,,Zacks (get_zacks_metrics) au 30/09/2026 via dépôt elgateaux/bourse
SNDK,Sandisk,États-Unis,États-Unis,USD,SNDK,Non,IA mémoire et stockage,1739.89,2026-09-30,"Google Finance (NASDAQ:SNDK), clôture 30/09/2026",253.27,6,BPA non-GAAP consensus Zacks,,70.88,213.31,252.8,,,5.17,0.0,3.0,112.0,2354.39,1881.0,1,,Zacks (get_zacks_metrics) au 30/09/2026 via dépôt elgateaux/bourse
ANET,Arista Networks,États-Unis,États-Unis,USD,ANET,Non,IA réseau et optique,203.59,2026-09-30,"Google Finance (NYSE:ANET), clôture 30/09/2026",255.852,12,BPA non-GAAP consensus Zacks,2.98,4.08,5.06,5.03,,22.7,1.62,0.0,1.0,116.13,210.5,222.0,0,,Zacks (compare_stocks) au 30/09/2026 via dépôt elgateaux/bourse
ALAB,Astera Labs,États-Unis,États-Unis,USD,ALAB,Non,IA réseau et optique,355.97,2026-09-30,"Google Finance (NASDAQ:ALAB), clôture 30/09/2026",62.08,12,BPA non-GAAP consensus Zacks,1.84,3.97,6.23,5.92,,,3.77,0.0,1.0,97.89,499.48,415.0,0,,Zacks (get_zacks_metrics) au 30/09/2026 via dépôt elgateaux/bourse
CRDO,Credo Technology,États-Unis,États-Unis,USD,CRDO,Non,IA réseau et optique,194.79,2026-09-30,"Google Finance (NASDAQ:CRDO), clôture 30/09/2026",36.153,4,BPA non-GAAP consensus Zacks,,3.46,6.23,9.3,,,3.22,0.0,3.0,86.49,308.67,222.0,1,,Zacks (get_zacks_metrics) au 30/09/2026 via dépôt elgateaux/bourse
LITE,Lumentum,États-Unis,États-Unis,USD,LITE,Non,IA réseau et optique,971.26,2026-09-30,"Google Finance (NASDAQ:LITE), clôture 30/09/2026",87.322,6,BPA non-GAAP consensus Zacks,2.06,8.67,21.3,33.79,,,1.53,0.0,2.0,147.81,1085.68,1137.0,1,,Zacks (get_zacks_metrics) au 30/09/2026 via dépôt elgateaux/bourse
COHR,Coherent,États-Unis,États-Unis,USD,COHR,Non,IA réseau et optique,287.81,2026-09-30,"Google Finance (NYSE:COHR), clôture 30/09/2026",57.224,6,BPA non-GAAP consensus Zacks,,5.61,9.38,13.7,,,2.1,0.0,2.0,105.02,440.0,322.0,1,,Zacks (get_zacks_metrics) au 30/09/2026 via dépôt elgateaux/bourse
VRT,Vertiv,États-Unis,États-Unis,USD,VRT,Non,IA énergie et refroidissement,241.31,2026-09-30,"Google Finance (NYSE:VRT), clôture 30/09/2026",95.608,12,BPA non-GAAP consensus Zacks,4.2,6.69,8.96,11.19,,,2.07,0.1,2.0,144.0,379.94,295.0,0,,Zacks (get_zacks_metrics) au 30/09/2026 via dépôt elgateaux/bourse
CEG,Constellation Energy,États-Unis,États-Unis,USD,CEG,Non,IA énergie et refroidissement,254.02,2026-09-30,"Google Finance (NASDAQ:CEG), clôture 30/09/2026",93.743,12,BPA non-GAAP consensus Zacks,9.39,12.19,13.25,17.18,,,1.1,0.64,3.0,228.63,412.7,278.0,0,,Zacks (get_zacks_metrics) au 30/09/2026 via dépôt elgateaux/bourse
MSFT,Microsoft,États-Unis,États-Unis,USD,MSFT,Non,Hyperscalers et plateformes,512.9,2026-09-30,"Google Finance (NASDAQ:MSFT), clôture 30/09/2026",3779.306,6,BPA non-GAAP consensus Zacks,,17.95,19.59,23.18,,15.9,1.11,0.72,3.0,349.2,553.72,539.0,0,,Zacks (get_zacks_metrics) au 30/09/2026 via dépôt elgateaux/bourse
GOOGL,Alphabet,États-Unis,États-Unis,USD,GOOGL,Non,Hyperscalers et plateformes,344.08,2026-09-30,"Google Finance (NASDAQ:GOOGL), clôture 30/09/2026",4169.452,12,BPA non-GAAP consensus Zacks,10.81,20.55,14.82,,,16.8,1.22,0.26,3.0,236.57,402.62,361.0,0,cy27,Zacks (compare_stocks) au 30/09/2026 via dépôt elgateaux/bourse
AMZN,Amazon,États-Unis,États-Unis,USD,AMZN,Non,Hyperscalers et plateformes,249.15,2026-09-30,"Google Finance (NASDAQ:AMZN), clôture 30/09/2026",2660.66,12,BPA non-GAAP consensus Zacks,7.17,13.06,10.58,,,16.1,1.44,0.0,3.0,196.12,287.2,266.0,0,cy27,Zacks (get_zacks_metrics) au 30/09/2026 via dépôt elgateaux/bourse
META,Meta Platforms,États-Unis,États-Unis,USD,META,Non,Hyperscalers et plateformes,725.18,2026-09-30,"Google Finance (NASDAQ:META), clôture 30/09/2026",1882.072,12,BPA non-GAAP consensus Zacks,23.49,31.39,34.39,,,20.5,1.25,0.28,3.0,525.72,777.59,790.0,0,,Zacks (compare_stocks) au 30/09/2026 via dépôt elgateaux/bourse
AAPL,Apple,États-Unis,États-Unis,USD,AAPL,Non,Hyperscalers et plateformes,333.02,2026-09-30,"Google Finance (NASDAQ:AAPL), clôture 30/09/2026",4807.323,9,BPA non-GAAP consensus Zacks,7.46,8.85,9.54,,,13.2,1.08,0.33,3.0,243.42,345.34,345.0,0,,Zacks (get_zacks_metrics) au 30/09/2026 via dépôt elgateaux/bourse
RDDT,Reddit,États-Unis,États-Unis,USD,RDDT,Non,Internet et IA applicative,142.44,2026-09-30,"Google Finance (NYSE:RDDT), clôture 30/09/2026",27.967,12,BPA non-GAAP consensus Zacks,2.62,5.27,6.94,,,,2.02,0.0,2.0,119.27,263.5,160.0,0,,Zacks (get_zacks_metrics) au 30/09/2026 via dépôt elgateaux/bourse
APP,AppLovin,États-Unis,États-Unis,USD,APP,Non,Internet et IA applicative,290.43,2026-09-30,"Google Finance (NASDAQ:APP), clôture 30/09/2026",102.289,12,BPA non-GAAP consensus Zacks,10.04,15.76,20.25,27.76,,,2.49,0.0,3.0,297.5,738.01,340.0,0,,Zacks (get_zacks_metrics) au 30/09/2026 via dépôt elgateaux/bourse
PLTR,Palantir,États-Unis,États-Unis,USD,PLTR,Non,Internet et IA applicative,187.05,2026-09-30,"Google Finance (NASDAQ:PLTR), clôture 30/09/2026",449.3,12,BPA non-GAAP consensus Zacks,0.75,1.61,2.26,3.44,,,1.62,0.0,1.0,106.37,207.52,200.0,0,,Zacks (get_zacks_metrics) au 30/09/2026 via dépôt elgateaux/bourse
NFLX,Netflix,États-Unis,États-Unis,USD,NFLX,Non,Internet et IA applicative,69.58,2026-09-30,"Google Finance (NASDAQ:NFLX), clôture 30/09/2026",292.725,12,BPA non-GAAP consensus Zacks,2.53,3.59,3.83,4.65,,,1.53,0.0,4.0,65.08,124.86,73.0,0,,Zacks (get_zacks_metrics) au 30/09/2026 via dépôt elgateaux/bourse
NU,Nu Holdings,Amérique du Sud,Brésil,USD,NU,Non,Fintech émergente,12.66,2026-09-30,"Google Finance (NYSE:NU), clôture 30/09/2026",59.968,12,Adjusted (non-GAAP) EPS in USD; FY = calendar year. FY2025 realised 0.59 (FullRatio/Benzinga); consensus from StockAnalysis (2026-10-01); Zacks FY2026 0.86.,0.59,0.864,1.166,1.41,,,0.94,0.0,3.0,11.2,18.98,18.48,0,,Zacks (get_zacks_metrics) au 30/09/2026 via dépôt elgateaux/bourse ; deep dive 01/10/2026 (research/deepdives/NU.md)
MELI,MercadoLibre,Amérique du Sud,Uruguay/Argentine,USD,MELI,Non,Fintech émergente,1728.53,2026-09-30,"Google Finance (NASDAQ:MELI), clôture 30/09/2026",87.447,12,BPA non-GAAP consensus Zacks,39.4,39.11,56.05,,,,1.31,0.0,4.0,1495.0,2481.1,2023.0,0,,Zacks (get_zacks_metrics) au 30/09/2026 via dépôt elgateaux/bourse
SE,Sea Ltd,Asie,Singapour,USD,SE,Non,Fintech émergente,97.36,2026-09-30,"Google Finance (NYSE:SE), clôture 30/09/2026",60.26,12,BPA non-GAAP consensus Zacks,3.29,3.79,5.43,,,,1.51,0.0,5.0,77.27,193.48,96.0,0,,Zacks (get_zacks_metrics) au 30/09/2026 via dépôt elgateaux/bourse
HOOD,Robinhood,États-Unis,États-Unis,USD,HOOD,Non,Fintech émergente,112.5,2026-09-30,"Google Finance (NASDAQ:HOOD), clôture 30/09/2026",104.491,12,BPA non-GAAP consensus Zacks,2.05,2.21,2.73,2.96,,,2.34,0.0,1.0,63.52,153.86,144.0,1,,Zacks (get_zacks_metrics) au 30/09/2026 via dépôt elgateaux/bourse
UBER,Uber Technologies,États-Unis,États-Unis,USD,UBER,Non,Mobilité et robotaxi,68.51,2026-09-30,"Google Finance (NYSE:UBER), clôture 30/09/2026",141.672,12,"BPA non-GAAP Uber (résultat net non-GAAP / actions diluées ; exclut amortissement des incorporels, restructurations, provisions juridiques ; inclut la rémunérat",2.45,3.355,4.591,5.73,6.85,,1.16,0.0,3.0,65.41,101.3,102.13,0,,Zacks (get_zacks_metrics ; BPA 2026-2027 : consensus compare_stocks du 30/09/2026) au 30/09/2026 via dépôt elgateaux/bourse ; deep dive 01/10/2026 (research/deepdives/UBER.md)
TSLA,Tesla,États-Unis,États-Unis,USD,TSLA,Non,Mobilité et robotaxi,354.81,2026-09-30,"Google Finance (NASDAQ:TSLA), clôture 30/09/2026",1393.558,12,BPA non-GAAP consensus Zacks,1.66,1.78,2.86,,,,1.84,0.0,4.0,297.38,498.83,399.0,0,,Zacks (get_zacks_metrics) au 30/09/2026 via dépôt elgateaux/bourse
SPCX,SpaceX,États-Unis,États-Unis,USD,SPCX,Non,Autres,150.86,2026-09-30,"Google Finance (NASDAQ:SPCX), clôture 30/09/2026",1967.249,12,BPA non-GAAP consensus Zacks,,-0.15,1.63,,,,,0.0,3.0,104.83,225.64,162.0,0,,Zacks (get_zacks_metrics) au 30/09/2026 via dépôt elgateaux/bourse
WMT,Walmart,États-Unis,États-Unis,USD,WMT,Non,Autres,103.92,2026-09-30,"Google Finance (NASDAQ:WMT), clôture 30/09/2026",847.324,1,BPA non-GAAP consensus Zacks,,2.64,2.91,,,,0.59,0.93,3.0,98.88,135.16,113.0,0,,Zacks (get_zacks_metrics) au 30/09/2026 via dépôt elgateaux/bourse
COST,Costco,États-Unis,États-Unis,USD,COST,Non,Autres,910.34,2026-09-30,"Google Finance (NASDAQ:COST), clôture 30/09/2026",410.036,8,BPA non-GAAP consensus Zacks,,20.45,22.5,,,,0.86,0.64,3.0,844.06,1096.5,1034.0,0,,Zacks (get_zacks_metrics) au 30/09/2026 via dépôt elgateaux/bourse
INTC,Intel,États-Unis,États-Unis,USD,INTC,Non,Autres,120.23,2026-09-30,"Google Finance (NASDAQ:INTC), clôture 30/09/2026",584.751,12,BPA non-GAAP consensus Zacks,0.42,1.5,1.96,,,,2.22,0.0,3.0,32.89,142.35,134.0,0,,Zacks (get_zacks_metrics) au 30/09/2026 via dépôt elgateaux/bourse
CSCO,Cisco,États-Unis,États-Unis,USD,CSCO,Non,Autres,107.63,2026-09-30,"Google Finance (NASDAQ:CSCO), clôture 30/09/2026",421.62,7,BPA non-GAAP consensus Zacks,,4.33,5.11,5.58,,,1.0,1.57,2.0,67.0,130.37,116.0,0,,Zacks (get_zacks_metrics) au 30/09/2026 via dépôt elgateaux/bourse
AMGN,Amgen,États-Unis,États-Unis,USD,AMGN,Non,Autres,421.51,2026-09-30,"Google Finance (NASDAQ:AMGN), clôture 30/09/2026",229.033,12,BPA non-GAAP consensus Zacks,21.84,22.94,24.42,,,,0.43,2.38,3.0,274.02,447.03,399.0,0,,Zacks (get_zacks_metrics) au 30/09/2026 via dépôt elgateaux/bourse
TXN,Texas Instruments,États-Unis,États-Unis,USD,TXN,Non,Autres,280.09,2026-09-30,"Google Finance (NASDAQ:TXN), clôture 30/09/2026",257.253,12,BPA non-GAAP consensus Zacks,,8.45,9.84,,,21.1,1.33,,3.0,152.76,334.03,,0,,Zacks (profil_screen_precedent) au 30/09/2026 via dépôt elgateaux/bourse
PANW,Palo Alto Networks,États-Unis,États-Unis,USD,PANW,Non,Autres,397.31,2026-09-30,"Google Finance (NASDAQ:PANW), clôture 30/09/2026",317.719,7,BPA non-GAAP consensus Zacks,,,4.18,4.91,,15.0,0.91,,3.0,139.57,404.69,,0,,Zacks (profil_screen_precedent) au 30/09/2026 via dépôt elgateaux/bourse
GRAB,Grab Holdings,Asie,Singapour,USD,GRAB,Non,Mobilité et robotaxi,3.11,2026-09-30,"Google Finance (NASDAQ:GRAB), clôture 30/09/2026",12.785,12,BPA non-GAAP consensus Zacks,0.06,0.13,0.1325,,,29.3,0.89,0.0,3.0,2.8,6.39,6.01,0,cy27,Zacks (compare_stocks) au 30/09/2026 via dépôt elgateaux/bourse
ORCL,Oracle,États-Unis,États-Unis,USD,ORCL,Non,IA calcul,137.3,2026-09-30,"Google Finance (NYSE:ORCL), clôture 30/09/2026",416.641,5,BPA non-GAAP consensus Zacks,,7.63,8.12,10.86,16.29,21.1,1.74,1.45,3.0,114.99,313.0,246.68,0,,Zacks (compare_stocks) au 30/09/2026 via dépôt elgateaux/bourse
ATEYY,Advantest (ADR),Asie,Japon,USD,ADR ATEYY,Non,IA fonderie et équipement,220.86,2026-09-30,"Google Finance (OTCMKTS:ATEYY), clôture 30/09/2026",163.5,3,BPA non-GAAP consensus Zacks,,3.41,6.48,9.24,,,2.12,0.12,1.0,97.27,237.44,257.0,0,,Zacks (compare_stocks) au 30/09/2026 via dépôt elgateaux/bourse
8035.T,Tokyo Electron Ltd,Asie,Japan,JPY,Tokyo Stock Exchange (Prime) 8035.T,Non,IA mémoire et stockage,11505.0,2026-09-29,recherche web (voir sources JSON),,3,Japanese sell-side consensus is on REPORTED net income per share (no non-GAAP/ad,,1255.82,1624.53,1662.0,,,,,,,,,1,,recherche web 01/10/2026 (screen_asia-japan.json) : https://finance.yahoo.com/quote/8035.T/; https://stocksguide.com/en/forecast/Tokyo-Electron-JP3571400; https://www.marketscreener.com/quote/stock/TOKYO-ELECTRON-LI
6146.T,DISCO Corp,Asie,Japan,JPY,Tokyo Stock Exchange (Prime) 6146.T,Non,IA fonderie et équipement,54220.0,2026-09-26,recherche web (voir sources JSON),,3,Japanese sell-side consensus is on REPORTED net income per share (no non-GAAP/ad,,,1715.0,,,,,,,,,80320.0,1,,recherche web 01/10/2026 (screen_asia-japan.json) : https://www.stockopedia.com/share-prices/disco-TYO:6146/; https://finance.yahoo.com/quote/6146.T/analysis/
6920.T,Lasertec,Asie,Japan,JPY,6920.T,No (non-EU),IA fonderie et équipement,41130.0,2026-09-30,recherche web session enfant (voir research/),,6,"J-GAAP reported EPS (consensus, 14-15 analysts)",,801.89,1018.59,1239.18,,,,,,,,48812.0,1,,session enfant asia : https://stocksguide.com/en/forecast/Lasertec-JP3979200007; https://www.morningstar.com/stocks/xtks/6920/quote; https://m.investing.com/news/earnings/lasertec-fiscal-2026-r
7735.T,SCREEN Holdings,Asie,Japan,JPY,Tokyo Stock Exchange (Prime) 7735.T,Non,IA mémoire et stockage,12805.0,2026-09-19,recherche web (voir sources JSON),,3,Japanese sell-side consensus is on REPORTED net income per share (no non-GAAP/ad,,,621.0,,,,,,,,,,1,,recherche web 01/10/2026 (screen_asia-japan.json) : https://www.stockopedia.com/share-prices/screen-holdings-TYO; https://www.marketscreener.com/quote/stock/SCREEN-HOLDINGS-C
6525.T,KOKUSAI ELECTRIC,Asie,Japan,JPY,6525.T,No (non-EU),IA fonderie et équipement,9578.0,2026-09-30,recherche web session enfant (voir research/),,3,"IFRS reported EPS (consensus; fiscal-year labelling by data provider, see notes)",,,189.65,258.1,,,,,,,,11309.0,1,,session enfant asia : https://stocksguide.com/en/forecast/KOKUSAI-ELECTRIC-JP32933; https://en.kabutan.com/jp/stocks/6525; https://www.morningstar.com/company-reports/1494105-kokusai-
4062.T,IBIDEN Co,Asie,Japan,JPY,Tokyo Stock Exchange (Prime) 4062.T,Non,IA fonderie et équipement,11030.0,2026-09-30,recherche web (voir sources JSON),,3,Japanese sell-side consensus is on REPORTED net income per share (no non-GAAP/ad,,,304.0,,,,,,,,,10184.0,0,,recherche web 01/10/2026 (screen_asia-japan.json) : https://www.stockopedia.com/share-prices/ibiden-TYO:4062/; https://www.stockopedia.com/share-prices/ibiden-co-TYO:4062/; https://simplywall.st/stocks/jp/tech/tse-4062/ibidenltd-shar
5803.T,Fujikura,Asie,Japan,JPY,5803.T,No (non-EU),IA réseau et optique,5229.0,2026-09-30,recherche web session enfant (voir research/),,3,"J-GAAP reported EPS (consensus; share-basis ambiguity, see notes)",,,127.5,161.4,,,,,,,,7369.0,1,,session enfant asia : https://www.marketscreener.com/quote/stock/FUJIKURA-LTD-6491; https://www.stockopedia.com/share-prices/fujikura-TYO:5803/; https://www.investing.com/equities/fujikura-ltd.-historical-
6501.T,Hitachi,Asie,Japan,JPY,6501.T (OTC ADR HTHIY),No (non-EU),Électrification et réseaux,5536.0,2026-09-28,recherche web session enfant (voir research/),,3,IFRS reported EPS (consensus),,178.16,216.7,259.7,,20.04,,1.01,,3822.0,6039.0,5964.29,0,,"session enfant asia : https://stocksguide.com/en/forecast/Hitachi-JP3788600009; https://simplywall.st/stocks/jp/capital-goods/tse-6501/hitac; https://www.investing.com/equities/hitachi,-ltd."
7011.T,Mitsubishi Heavy Industries,Asie,Japan,JPY,Tokyo Stock Exchange (Prime) 7011.T,Non,Défense,3806.0,2026-09-30,recherche web (voir sources JSON),,3,Japanese sell-side consensus is on REPORTED net income per share (no non-GAAP/ad,,,126.0,,,,,,,,,5450.58,0,,recherche web 01/10/2026 (screen_asia-japan.json) : https://www.investing.com/equities/mitsubishi-heavy-industri; https://www.stockopedia.com/share-prices/mitsubishi-heavy-in; https://www.tradingview.com/symbols/TSE-7011/forecast/
7013.T,IHI Corp,Asie,Japan,JPY,Tokyo Stock Exchange (Prime) 7013.T,Non,Défense,2682.0,2026-09-30,recherche web (voir sources JSON),,3,Japanese sell-side consensus is on REPORTED net income per share (no non-GAAP/ad,,,167.0,,,,,,,,,3879.0,0,,recherche web 01/10/2026 (screen_asia-japan.json) : https://www.stockopedia.com/share-prices/ihi-TYO:7013/; https://stockanalysis.com/quote/tyo/7013/
6503.T,Mitsubishi Electric Corp,Asie,Japan,JPY,Tokyo Stock Exchange (Prime) 6503.T,Non,Défense,5205.0,2026-09-30,recherche web (voir sources JSON),,3,Japanese sell-side consensus is on REPORTED net income per share (no non-GAAP/ad,,,263.0,,,,,,,,,6813.0,0,,recherche web 01/10/2026 (screen_asia-japan.json) : https://www.investing.com/equities/mitsubishi-electric-corp.; https://www.stockopedia.com/share-prices/mitsubishi-electric
6504.T,Fuji Electric Co,Asie,Japan,JPY,Tokyo Stock Exchange (Prime) 6504.T,Non,IA énergie et refroidissement,13665.0,2026-09-29,recherche web (voir sources JSON),,3,Japanese sell-side consensus is on REPORTED net income per share (no non-GAAP/ad,,,763.74,,,,,,,,,16556.0,0,,recherche web 01/10/2026 (screen_asia-japan.json) : https://stockanalysis.com/quote/tyo/6504/; https://simplywall.st/community/narratives/jp/capital-goods/
6861.T,Keyence,Asie,Japan,JPY,6861.T (OTC ADR KYCCF),No (non-EU),Industrie,80480.0,2026-09-30,recherche web session enfant (voir research/),,3,"J-GAAP reported EPS (consensus, 16 analysts)",,,1979.79,2396.07,,9.7,,0.68,,51510.0,87920.0,97866.67,0,,session enfant asia : https://www.investing.com/equities/keyence-consensus-estimat; https://stockanalysis.com/quote/tyo/6861/; https://www.tipranks.com/news/company-announcements/keyence-
6758.T,Sony Group Corp,Asie,Japan,JPY,Tokyo Stock Exchange (Prime) 6758.T,Non,Consommation et divertissement,3759.0,2026-09-30,recherche web (voir sources JSON),,3,Japanese sell-side consensus is on REPORTED net income per share (no non-GAAP/ad,,,218.0,,,,,,,,,4856.0,0,,recherche web 01/10/2026 (screen_asia-japan.json) : https://stockanalysis.com/quote/tyo/6758/; https://www.stockopedia.com/share-prices/sony-TYO:6758/
8136.T,Sanrio Co,Asie,Japan,JPY,Tokyo Stock Exchange (Prime) 8136.T,Non,Consommation et divertissement,1177.5,2026-09-30,recherche web (voir sources JSON),,3,Japanese sell-side consensus is on REPORTED net income per share (no non-GAAP/ad,,,53.0,,,,,,,,,,0,,recherche web 01/10/2026 (screen_asia-japan.json) : https://www.investing.com/equities/sanrio-co-ltd; https://www.stockopedia.com/share-prices/sanrio-co-TYO:8136/; https://www.marketscreener.com/quote/stock/SANRIO-COMPANY-LT
6098.T,Recruit Holdings,Asie,Japan,JPY,Tokyo Stock Exchange (Prime) 6098.T,Non,Internet et IA applicative,17350.0,2026-09-23,recherche web (voir sources JSON),,3,Japanese sell-side consensus is on REPORTED net income per share (no non-GAAP/ad,,,459.0,,,,,,,,,,0,,recherche web 01/10/2026 (screen_asia-japan.json) : https://www.investing.com/equities/recruit-holdings; https://www.stockopedia.com/share-prices/recruit-holdings-co; https://finance.yahoo.com/quote/6098.T/analysis/
2454.TW,MediaTek Inc.,Asie,Taiwan,TWD,TWSE 2454.TW,Non,IA calcul,4920.0,2026-09-30,"Google Finance (TPE:2454), clôture 30/09/2026",,12,IFRS (Taiwan) reported EPS; consensus aggregators (Yahoo/stocksguide/eulerpool) ,,68.54,122.72,406.51,,,,,,1130.0,5480.0,,0,,recherche web 01/10/2026 (screen_asia-taiwan-korea.json) : https://www.investing.com/equities/mediatek; https://www.morningstar.com/stocks/xtai/2454/quote; https://stocksguide.com/en/forecast/Mediatek-TW0002454006
2317.TW,Hon Hai Precision Industry (Foxconn),Asie,Taiwan,TWD,TWSE 2317.TW,Non,IA calcul,251.5,2026-09-30,"Google Finance (TPE:2317), clôture 30/09/2026",,12,IFRS (Taiwan) reported EPS; Yahoo Finance analyst consensus,,17.52,21.36,,,,,,,187.5,314.0,,0,,recherche web 01/10/2026 (screen_asia-taiwan-korea.json) : https://en.macromicro.me/series/4035/tw-2317_tw-close; https://finance.yahoo.com/quote/2317.TW/analysis/; https://www.stockopedia.com/share-prices/hon-hai-precision-i
2308.TW,Delta Electronics Inc.,Asie,Taiwan,TWD,TWSE 2308.TW,Non,IA énergie et refroidissement,1890.0,2026-09-30,"Google Finance (TPE:2308), clôture 30/09/2026",,12,IFRS (Taiwan) reported EPS; Yahoo Finance analyst consensus,,41.67,64.52,,,,,,,860.0,2585.0,,0,,recherche web 01/10/2026 (screen_asia-taiwan-korea.json) : https://www.google.com/finance/quote/2308:TPE; https://www.investing.com/equities/delta-electron; https://finance.yahoo.com/quote/2308.TW/analysis/
6669.TW,Wiwynn Corporation,Asie,Taiwan,TWD,TWSE 6669.TW,Non,IA calcul,2090.0,2026-09-30,"Google Finance (TPE:6669), clôture 30/09/2026",,12,IFRS (Taiwan) reported EPS; Yahoo Finance analyst consensus,,345.94,470.15,,,,,,,1076.17,2875.0,,0,,recherche web 01/10/2026 (screen_asia-taiwan-korea.json) : https://finance.yahoo.com/quote/6669.TW/; https://finance.yahoo.com/quote/6669.TW/analysis/; https://sg.finance.yahoo.com/quote/6669.TW/analysis/
2382.TW,Quanta Computer Inc.,Asie,Taiwan,TWD,TWSE 2382.TW,Non,IA calcul,333.5,2026-09-30,"Google Finance (TPE:2382), clôture 30/09/2026",,12,IFRS (Taiwan) reported EPS; Yahoo Finance analyst consensus,,23.16,26.97,,,,,,,260.0,438.0,,0,,recherche web 01/10/2026 (screen_asia-taiwan-korea.json) : https://www.cnbc.com/quotes/2382-TW; https://finance.yahoo.com/quote/2382.TW/analysis/; https://valueinvesting.io/2382.TW/estimates
000660.KS,SK hynix,Asie,South Korea,KRW,000660.KS,No (non-EU),IA mémoire et stockage,1776000.0,2026-09-30,recherche web session enfant (voir research/),0.71,12,"K-IFRS reported EPS (consensus, 40 analysts)",,353341.91,470265.62,498807.48,,,,,,351000.0,2987000.0,,1,,session enfant asia : https://finance.yahoo.com/quote/000660.KS/analysis/; https://stocksguide.com/en/forecast/SK-hynix-KR7000660001; https://en.macromicro.me/series/38855/kr-000660_krx-close
005930.KS,Samsung Electronics,Asie,South Korea,KRW,005930.KS (or GDR SMSN on LSE),No (non-EU),IA fonderie et équipement,268500.0,2026-09-30,recherche web session enfant (voir research/),1306.91,12,"K-IFRS reported EPS (consensus, 30-34 analysts)",,43592.33,52028.27,49527.3,,,,,,84700.0,374500.0,,1,,session enfant asia : https://stockanalysis.com/quote/krx/005930/forecast/; https://valueinvesting.io/005930.KS/estimates; https://www.investing.com/equities/samsung-electronics-co-lt
DLO,dLocal Limited,Amérique du Sud,Uruguay (Cayman-incorporated),USD,NASDAQ DLO,Non,Fintech émergente,13.76,2026-09-30,"Google Finance (NASDAQ:DLO), clôture 30/09/2026",3.94,12,Aggregator consensus in USD; basis not labelled (dLocal reports IFRS and an adju,,0.84,1.06,,,,0.94,,,10.64,16.78,15.17,0,,recherche web 01/10/2026 (screen_latam-fintech-platforms.json) : https://www.google.com/finance/beta/quote/DLO:NASDAQ?hl=en; https://stockanalysis.com/stocks/dlo/forecast/; https://finance.yahoo.com/quote/DLO/analysis/
GLOB,Globant S.A.,Amérique du Sud,Argentina origin / Luxembourg-domiciled,USD,NYSE GLOB,Non,Services IT,34.7,2026-09-30,"Google Finance (NYSE:GLOB), clôture 30/09/2026",1.64,12,Non-GAAP (adjusted) diluted EPS - Globant guides and is covered on non-GAAP EPS,,6.2,6.57,,,,0.99,,,27.56,72.1,72.56,0,,recherche web 01/10/2026 (screen_latam-fintech-platforms.json) : https://stockanalysis.com/stocks/glob/; https://finance.yahoo.com/quote/GLOB/analysis/; https://www.wallstreetzen.com/stocks/us/nyse/glob/stock-fore
VTEX,VTEX,Amérique du Sud,Brazil (Cayman-incorporated),USD,NYSE VTEX,Non,Internet et IA applicative,3.65,2026-09-30,"Google Finance (NYSE:VTEX), clôture 30/09/2026",0.61,12,Aggregator consensus in USD; basis not labelled (VTEX reports non-GAAP net incom,,0.18,0.24,,,,0.99,,,2.84,4.62,6.01,0,,recherche web 01/10/2026 (screen_latam-fintech-platforms.json) : https://stockanalysis.com/stocks/vtex/; https://stockanalysis.com/stocks/vtex/forecast/; https://www.investing.com/news/company-news/vtex-q2-2026-sli
AFYA,Afya Limited,Amérique du Sud,Brazil (Cayman-incorporated),USD,NASDAQ AFYA,Non,Santé,13.73,2026-09-25,recherche web (voir sources JSON),,12,Aggregator 'current year' EPS (likely adjusted); currency not labelled; Afya rep,,1.86,,,,,,,,,,,0,,recherche web 01/10/2026 (screen_latam-fintech-platforms.json) : https://www.thecerbatgem.com/2026/09/26/afya-nasdaqafya-sees; https://www.thestockobserver.com/2026/09/25/afya-nasdaqafya-
PAX,Patria Investments Limited,Amérique du Sud,Brazil/LatAm (Cayman-incorporated),USD,NASDAQ PAX,Non,Fintech émergente,10.13,2026-09-17,recherche web (voir sources JSON),,12,Consensus EPS (StocksGuide) in USD - basis unlabelled; Patria guides on Fee-Rela,,1.35,1.54,,,,,,,,,13.0,0,,recherche web 01/10/2026 (screen_latam-fintech-platforms.json) : https://stockanalysis.com/stocks/pax/history/; https://stocksguide.com/en/forecast/Patria-Investments-KYG69; https://ir.patria.com/static-files/db900fe0-90b8-4b23-ba03-4
BMA,Banco Macro S.A.,Amérique du Sud,Argentina,USD,NYSE (ADR) BMA,Non,Fintech émergente,66.93,2026-09-30,"Google Finance (NYSE:BMA), clôture 30/09/2026",4.28,12,Consensus EPS per ADR in USD (MarketBeat-type aggregator); underlying accounts a,,8.35,10.81,,,,1.29,,,,106.15,,1,,recherche web 01/10/2026 (screen_latam-fintech-platforms.json) : https://www.google.com/finance/beta/quote/BMA:NYSE; https://www.marketbeat.com/stocks/NYSE/BMA/earnings/; https://www.ad-hoc-news.de/boerse/news/nebenwerte/banco-macr
GFNORTEO.MX,"Grupo Financiero Banorte, S.A.B. de C.V.",Amérique du Sud,Mexico,MXN,BMV (Mexico) GFNORTEO.MX,Non,Fintech émergente,190.75,2026-09-30,"Google Finance (BMV:GFNORTEO), clôture 30/09/2026",,12,"Analyst consensus (Banorte IR analyst-coverage page / aggregators), MXN per shar",,21.97,24.08,,,,,,,164.0,210.0,223.93,0,,recherche web 01/10/2026 (screen_latam-fintech-platforms.json) : https://www.google.com/finance/quote/GFNORTEO:BMV?hl=es; https://investors.banorte.com/es/stock/analyst-coverage; https://es-us.finanzas.yahoo.com/noticias/reporte-2t-banorte
EMBJ,Embraer S.A. (ADR; NYSE ticker changed from ERJ to EMBJ),Amérique du Sud,Brazil,USD,NYSE EMBJ,Non,Aéronautique et défense,75.32,2026-09-30,"Google Finance (NYSE:EMBJ), clôture 30/09/2026",13.64,12,Adjusted (non-IFRS) EPS per ADR in USD as compiled by Yahoo Finance / Zacks cons,,2.82,3.66,,,,1.82,,,53.56,80.75,,0,,recherche web 01/10/2026 (screen_latam-industrials-energy-consumer.json) : https://finance.yahoo.com/quote/EMBJ/; https://stockanalysis.com/stocks/embj/; https://finance.yahoo.com/quote/EMBJ/analysis/
CPA,"Copa Holdings, S.A. (Class A shares, NYSE)",Amérique du Sud,Panama,USD,NYSE CPA,Non,Aéronautique,131.85,2026-09-30,"Google Finance (NYSE:CPA), clôture 30/09/2026",5.33,12,Consensus EPS in USD as compiled by WallStreetZen (basis not stated by the sourc,,16.38,19.99,23.57,,,1.0,,,107.44,160.47,175.22,0,,recherche web 01/10/2026 (screen_latam-industrials-energy-consumer.json) : https://finance.yahoo.com/quote/CPA/; https://www.wallstreetzen.com/stocks/us/nyse/cpa/stock-forec; https://finance.yahoo.com/markets/stocks/articles/copa-holdi
PAM,Pampa Energía S.A. (ADR),Amérique du Sud,Argentina,USD,NYSE PAM,Non,Énergie,77.77,2026-09-30,"Google Finance (NYSE:PAM), clôture 30/09/2026",4.4,12,Zacks consensus EPS per ADR in USD (Zacks compiles adjusted/non-GAAP where compa,,9.69,,,,,0.93,,,57.14,94.5,,1,,recherche web 01/10/2026 (screen_latam-industrials-energy-consumer.json) : https://www.investing.com/equities/pampa-energia-sa; https://finance.yahoo.com/markets/stocks/articles/heres-why-; https://seekingalpha.com/symbol/PAM/earnings/estimates
VIST,"Vista Energy, S.A.B. de C.V. (ADS)",Amérique du Sud,Mexico (domicile); operations in Argentina (Vaca Muerta),USD,NYSE VIST,Non,Énergie,65.35,2026-09-30,"Google Finance (NYSE:VIST), clôture 30/09/2026",7.23,12,Consensus EPS per ADS; Vista reports IFRS in USD. Sources disagree on currency/b,,9.6,,,,27.0,0.63,,,33.45,81.44,,1,,recherche web 01/10/2026 (screen_latam-industrials-energy-consumer.json) : https://finance.yahoo.com/quote/VIST/history/; https://stockanalysis.com/stocks/vist/; https://stockanalysis.com/stocks/vist/forecast/
PAC,"Grupo Aeroportuario del Pacífico, S.A.B. de C.V. (ADS)",Amérique du Sud,Mexico,USD,NYSE PAC,Non,Infrastructures,205.41,2026-09-30,"Google Finance (NYSE:PAC), clôture 30/09/2026",10.27,12,"Consensus EPS per ADS in USD (basis not stated by source; GAP reports IFRS, no m",11.45,12.86,,,,,0.94,,,196.99,300.41,,0,,recherche web 01/10/2026 (screen_latam-industrials-energy-consumer.json) : https://www.marketbeat.com/stocks/NYSE/PAC/forecast/; https://www.gurufocus.com/stock/PAC/summary; https://www.macrotrends.net/stocks/charts/PAC/grupo-aeroport
ARCO,"Arcos Dorados Holdings Inc. (Class A shares, NYSE) – McDonald's master franchisee for Latin America",Amérique du Sud,"British Virgin Islands (incorporation); HQ Montevideo, Uruguay; largest market Brazil",USD,NYSE ARCO,Non,Consommation et divertissement,7.15,2026-09-30,"Google Finance (NYSE:ARCO), clôture 30/09/2026",1.42,12,Consensus EPS in USD as compiled by Yahoo Finance / StockAnalysis (Arcos reports,,0.81,0.85,,,,0.48,,,6.57,9.75,,0,,recherche web 01/10/2026 (screen_latam-industrials-energy-consumer.json) : https://sg.finance.yahoo.com/quote/ARCO/; https://finance.yahoo.com/quote/ARCO.BA/; https://finance.yahoo.com/quote/ARCO/analysis/
LLY,Eli Lilly,États-Unis,US,USD,NYSE,Non,Santé (GLP-1),1157.08,2026-09-30,recherche web session enfant (voir research/),1032.0,12,non-GAAP incluant IPR&D (fy2025 réalisé : communiqué 04/02/2026 ; fy2026-28 : StockAnalysis n.d. ; Zacks 30/09/2026 : 36.66 / 46.16),24.21,36.71,47.23,52.29,,,0.5,0.58,,725.31,1292.65,1270.28,0,,session enfant us : https://finance.yahoo.com/quote/LLY/; https://stockanalysis.com/stocks/lly/forecast/; https://investor.lilly.com/news-releases/news-release-detail ; deep dive 01/10/2026 (research/deepdives/LLY.md)
DUOL,Duolingo,États-Unis,US,USD,Nasdaq,Non,Internet et IA applicative,142.4,2026-09-30,recherche web session enfant (voir research/),6.66,12,non-GAAP (adjusted EPS) selon consensus Yahoo,,6.61,7.64,,,,0.89,,,87.89,353.0,134.29,0,,session enfant us : https://www.cnn.com/markets/stocks/DUOL; https://www.investing.com/equities/duolingo-consensus-estima; https://finance.yahoo.com/quote/DUOL/analysis/
CVNA,Carvana,États-Unis,US,USD,NYSE,Non,Internet et IA applicative,62.54,2026-09-30,recherche web session enfant (voir research/),69.323,12,GAAP diluted EPS,,1.58,2.03,3.25,,,3.5,,3,54.46,97.38,84.05,1,,session enfant us : https://finance.yahoo.com/quote/CVNA/; https://www.cnbc.com/2026/07/29/carvana-cvna-earnings-q2-202; https://www.marketbeat.com/instant-alerts/fy2027-eps-estimat
3661.TW,Alchip Technologies,Asie,Taiwan,TWD,3661.TW,No (non-EU),IA calcul,3740.0,2026-09-30,deep dive du 01/10/2026 (clôture du 30/09/2026),10.19,12,"BPA publié (normes taïwanaises, pas de non-GAAP), en TWD, exercice calendaire ; 2025 réalisé (18/03/2026) ; 2026-2029 médianes FactSet (18 analystes, 21/09/2026",69.18,139.83,186.69,260.93,301.72,37.2,1.72,0.88,,2480.0,5640.0,6000.0,0,,session enfant asia : https://www.stockopedia.com/share-prices/alchip-technologies; https://simplywall.st/stocks/tw/semiconductors/twse-3661/alc; https://www.globenewswire.com/news-release/2026/08/26/335138 ; deep dive 01/10/2026 (research/deepdives/3661.TW.md)
3711.TW,ASE Technology Holding,Asie,Taiwan,TWD,3711.TW (or NYSE ADR ASX),No (non-EU),IA fonderie et équipement,663.0,2026-09-21,recherche web session enfant (voir research/),3.08,12,TW-GAAP reported EPS (consensus),,13.0,17.01,,,,1.4,1.13,,143.0,729.0,570.69,1,,session enfant asia : https://www.stockopedia.com/share-prices/ase-technology-hold; https://finance.biggo.com/news/TW_3711.TW_2026-07-30; https://finance.yahoo.com/quote/3711.TW/
3017.TW,Asia Vital Components (AVC),Asie,Taiwan,TWD,3017.TW,No (non-EU),IA énergie et refroidissement,3400.0,2026-09-30,recherche web session enfant (voir research/),43.23,12,"TW-GAAP reported EPS (consensus, 13-17 analysts)",,94.9,135.0,146.0,,40.9,1.33,0.75,,340.5,1585.0,,0,,session enfant asia : https://simplywall.st/stocks/tw/tech/twse-3017/asia-vital-co; https://www.investing.com/equities/avc; https://finance.biggo.com/news/TW_3017.TW_2026-08-12
5274.TWO,ASPEED Technology,Asie,Taiwan,TWD,5274.TWO,No (non-EU),IA calcul,19835.0,2026-09-24,recherche web session enfant (voir research/),,12,"TW-GAAP reported EPS (consensus, 16 analysts)",,188.0,275.0,446.0,,,,,,,,19311.06,0,,session enfant asia : https://www.marketscreener.com/quote/stock/ASPEED-TECHNOLOGY; https://www.marketscreener.com/quote/stock/ASPEED-TECHNOLOGY; https://in.marketscreener.com/quote/stock/ASPEED-TECHNOLOGY-
2383.TW,Elite Material (EMC),Asie,Taiwan,TWD,2383.TW,No (non-EU),IA réseau et optique,4920.0,2026-09-29,recherche web session enfant (voir research/),52.65,12,"TW-GAAP reported EPS (consensus, 19 analysts)",,115.2,227.7,364.1,,36.65,1.68,0.5,,1085.0,6470.0,,0,,session enfant asia : https://stockanalysis.com/quote/tpe/2383/forecast/; https://valueinvesting.io/2383.TW/estimates; https://www.investing.com/equities/elite-matl
3037.TW,Unimicron Technology,Asie,Taiwan,TWD,3037.TW,No (non-EU),IA calcul,1175.0,2026-09-30,recherche web session enfant (voir research/),62.55,12,TW-GAAP reported EPS (Yahoo consensus 15-16 analysts; likely stale vs Q2 run-rat,,15.47,31.23,,,64.7,2.31,0.17,,144.87,1230.0,,1,,session enfant asia : https://finance.yahoo.com/quote/3037.TW/analysis/; https://stockanalysis.com/quote/tpe/3037/history/; https://finance.biggo.com/quote/3037.TW/earnings-call/TW_303
012450.KS,Hanwha Aerospace,Asie,South Korea,KRW,012450.KS,No (non-EU),Défense,1034000.0,2026-09-28,recherche web session enfant (voir research/),39.27,12,"K-IFRS reported EPS (consensus, 20-21 analysts)",,47865.61,59474.45,74543.0,,21.3,0.83,0.66,,783000.0,1655000.0,,0,,session enfant asia : https://finance.yahoo.com/quote/012450.KS/analysis/; https://securities.miraeasset.com/bbs/download/2142495.pdf?a; https://www.marketscreener.com/quote/stock/HANWHA-AEROSPACE-
207940.KS,Samsung Biologics,Asie,South Korea,KRW,207940.KS,No (non-EU),Santé,1391000.0,2026-09-30,recherche web session enfant (voir research/),48.72,12,"K-IFRS reported EPS (consensus, 20-21 analysts)",,41170.33,49078.6,56966.0,,,0.21,,,1228000.0,1987000.0,,0,,session enfant asia : https://finance.yahoo.com/quote/207940.KS/analysis/; https://securities.miraeasset.com/bbs/download/2146125.pdf?a; https://www.investing.com/equities/samsung-biologics-co-ltd
267260.KS,HD Hyundai Electric,Asie,South Korea,KRW,267260.KS,No (non-EU),Électrification et réseaux,662000.0,2026-09-30,recherche web session enfant (voir research/),18.71,12,K-IFRS reported EPS (consensus),,27351.55,34360.17,,,22.0,0.85,1.1,,538000.0,1430000.0,,1,,session enfant asia : https://finance.yahoo.com/quote/267260.KS/analysis/; https://in.investing.com/equities/hyundai-electric-energy-sy; https://en.sedaily.com/finance/2026/07/28/hd-hyundai-electri
079550.KS,LIG Nex1 (LIG Defense & Aerospace),Asie,South Korea,KRW,079550.KS,No (non-EU),Défense,682000.0,2026-09-30,recherche web session enfant (voir research/),11.73,12,"K-IFRS reported EPS (Mirae Asset estimates; consensus next-FY 16,343 per Stockop",,19037.0,28262.0,,,,0.75,0.44,,360000.0,1118000.0,1067894.74,0,,session enfant asia : https://securities.miraeasset.com/bbs/download/2137916.pdf?a; https://www.stockopedia.com/share-prices/lig-nex-1-co-KRX:07; https://www.marketscreener.com/quote/stock/LIG-NEX1-CO-LTD-2
042700.KS,Hanmi Semiconductor,Asie,South Korea,KRW,042700.KS,No (non-EU),IA fonderie et équipement,256500.0,2026-09-30,recherche web session enfant (voir research/),18.85,12,"K-IFRS reported EPS (consensus, 5-7 analysts)",,3389.97,5610.83,,,,2.15,0.31,,81400.0,426000.0,,1,,session enfant asia : https://finance.yahoo.com/quote/042700.KS/analysis/; https://stockanalysis.com/quote/krx/042700/market-cap/; https://www.ajupress.com/view/20260714114870211
0700.HK,Tencent Holdings,Asie,China,HKD,0700.HK (OTC ADR TCEHY),No (non-EU),Internet et IA applicative,431.0,2026-09-30,recherche web session enfant (voir research/),499.6,12,"Non-IFRS (adjusted) EPS, RMB (consensus 35-37 analysts)",,34.79861152549452,38.216436808186884,,,,0.74,1.23,,411.0,683.0,,0,,session enfant asia : https://stockanalysis.com/quote/hkg/0700/forecast/; https://au.finance.yahoo.com/quote/0700.HK/history/; https://www.prnewswire.com/apac/news-releases/tencent-announ ; BPA convertis de CNY en HKD au change du 30/09/2026
NTES,NetEase,Asie,China,USD,NTES or 9999.HK,No (non-EU),Consommation et divertissement,121.16,2026-09-30,recherche web session enfant (voir research/),77.52,12,"Non-GAAP EPS per ADS, CNY (consensus)",,9.208759733866396,10.75722767550795,,,,0.79,2.44,,168.8,248.0,161.0,0,,session enfant asia : https://finance.yahoo.com/quote/NTES/analysis/; https://stockanalysis.com/stocks/ntes/; https://www.sec.gov/Archives/edgar/data/0001110646/000110465 ; BPA convertis de CNY en USD au change du 30/09/2026
1810.HK,Xiaomi,Asie,China,HKD,1810.HK (OTC ADR XIACY),No (non-EU),Consommation et divertissement,25.24,2026-09-30,recherche web session enfant (voir research/),82.91,12,"Normalized/adjusted EPS, CNY (Yahoo consensus 17-19 analysts)",,1.1938978727213054,1.650388235820628,,,,0.69,,,21.3,59.9,,0,,session enfant asia : https://finance.yahoo.com/quote/1810.HK/analysis/; https://valueinvesting.io/1810.HK/estimates; https://stockanalysis.com/quote/hkg/1810/ ; BPA convertis de CNY en HKD au change du 30/09/2026
300750.SZ,CATL (Contemporary Amperex Technology),Asie,China,CNY,"3750.HK (H-share, accessible) or 300750.SZ via Stock Connect",No (non-EU),Électrification et réseaux,286.8,2026-09-29,recherche web session enfant (voir research/),207.88,12,"PRC GAAP/IFRS reported EPS, CNY (consensus 12 analysts)",,18.37,25.38,29.9,,,0.43,2.77,,285.74,468.75,,1,,session enfant asia : https://finance.yahoo.com/quote/300750.SZ/analysis/; https://www.marketscreener.com/quote/stock/CATL-CONTEMPORARY; https://www.morningstar.com/stocks/xshe/300750/quote
9992.HK,Pop Mart International,Asie,China,HKD,9992.HK,No (non-EU),Consommation et divertissement,152.6,2026-09-30,recherche web session enfant (voir research/),25.9,12,"IFRS reported EPS, CNY (Yahoo consensus 13-14 analysts; currency label on Yahoo ",,10.31200025360265,12.512517901363486,15.860113897425185,,,1.05,1.65,,140.1,339.8,218.37,0,,session enfant asia : https://finance.yahoo.com/quote/9992.HK/analysis/; https://www.stockopedia.com/share-prices/pop-mart-internatio; https://finance.yahoo.com/quote/9992.HK/history/ ; BPA convertis de CNY en HKD au change du 30/09/2026
BHARTIARTL.NS,Bharti Airtel,Asie,India,INR,BHARTIARTL.NS,No (non-EU),Autres,1757.0,2026-09-30,recherche web session enfant (voir research/),108.61,3,"Ind-AS reported EPS (consensus, 24 analysts)",,,63.79,81.68,,,0.67,1.32,,1740.5,2174.5,,0,,session enfant asia : https://finance.yahoo.com/quote/BHARTIARTL.NS/analysis/; https://univest.in/blogs/bharti-airtel-share-price-predictio; https://www.forbesindia.com/article/news/bharti-airtel-posts
POLYCAB.NS,Polycab India,Asie,India,INR,POLYCAB.NS,No (non-EU),Électrification et réseaux,8026.0,2026-09-30,recherche web session enfant (voir research/),12.52,3,"Ind-AS reported EPS (consensus, 30-32 analysts)",,,218.0,289.7,,,1.04,0.56,,6663.0,10126.0,,1,,session enfant asia : https://simplywall.st/stocks/in/capital-goods/nse-polycab/po; https://www.marketscreener.com/quote/stock/POLYCAB-INDIA-LIM; https://finance.yahoo.com/quote/POLYCAB.NS/analysis/
TRENT.NS,Trent (Tata group),Asie,India,INR,TRENT.NS,No (non-EU),Consommation et divertissement,2622.0,2026-09-30,recherche web session enfant (voir research/),9.61,3,Ind-AS reported EPS (Yahoo consensus 14-15 analysts),,,59.5,72.83,,,,,,2183.66,3399.7,,0,,session enfant asia : https://finance.yahoo.com/quote/TRENT.NS/analysis/; https://www.icicidirect.com/stocks/trent-ltd-share-price; https://www.sahi.com/news/trent-q1-consolidated-net-profit-r
COFORGE.NS,Coforge,Asie,India,INR,COFORGE.NS,No (non-EU),Services IT,1752.0,2026-09-30,recherche web session enfant (voir research/),1.18,3,"Ind-AS reported EPS (consensus, 27 analysts; post 1:5 split basis)",,,57.0,68.32,,,,,,1008.1,2021.2,,0,,session enfant asia : https://finance.yahoo.com/quote/COFORGE.NS/analysis/; https://in.marketscreener.com/quote/stock/COFORGE-LIMITED-90; https://www.business-standard.com/markets/coforge-ltd-share-
S63.SI,Singapore Technologies Engineering,Asie,Singapore,SGD,S63.SI,No (non-EU),Défense,10.87,2026-09-25,recherche web session enfant (voir research/),,12,SFRS(I)/IFRS reported EPS (consensus),,0.34,0.39,0.44,,,,,,,,,0,,session enfant asia : https://stocksguide.com/en/forecast/Singapore-Technologies-E; https://www.moomoo.com/stock/S63-SG; https://www.stengg.com/en/newsroom/news-releases/st-engineer
034020.KS,Doosan Enerbility,Asie,South Korea,KRW,034020.KS,No (non-EU),IA énergie et refroidissement,81600.0,2026-09-30,"Google Finance (KRX:034020), clôture 30/09/2026",,12,K-IFRS reported EPS (consensus),,592.57,1039.58,807.0,,,,,,57000.0,139200.0,,1,,session enfant asia : https://finance.yahoo.com/quote/034020.KS/analysis/; https://koalagains.com/stocks/KOSPI/034020/future-performanc
ASM,ASM International N.V.,Europe,Netherlands,EUR,Euronext Amsterdam ASM (EUR),Yes - Dutch company (EU),IA fonderie et équipement,888.0,2026-09-30,recherche web session enfant (voir research/),46.2,12,Consensus EPS (adjusted/normalized per Yahoo-MarketScreener),,22.02,27.0,32.6,,,1.55,0.39,,459.7,1092.5,,1,,session enfant europe : https://finance.yahoo.com/quote/ASM.AS/analysis/; https://www.marketscreener.com/quote/stock/ASM-INTERNATIONAL; https://www.marketscreener.com/quote/stock/ASM-INTERNATIONAL
BESI,BE Semiconductor Industries N.V.,Europe,Netherlands,EUR,Euronext Amsterdam BESI (EUR),Yes - Dutch company (EU),IA fonderie et équipement,191.8,2026-09-30,recherche web session enfant (voir research/),17.3,12,Consensus EPS (Yahoo/StocksGuide; USD figures converted by source to EUR 3.86 / ,,3.86,5.73,,,,1.33,0.82,,120.15,328.4,,1,,session enfant europe : https://finance.yahoo.com/quote/BESI.AS/analysis/; https://www.investing.com/equities/be-semicond; https://finance.yahoo.com/quote/BESI.AS/
IFX,Infineon Technologies AG,Europe,Germany,EUR,Xetra IFX (EUR),Yes - German company (EU),IA énergie et refroidissement,59.06,2026-09-30,recherche web session enfant (voir research/),92.4,9,Consensus adjusted EPS (MarketScreener); fiscal year ends September (fy2026 = Oc,0.77,1.285,2.404,3.306,,,1.95,0.61,,22.01,86.05,,1,,session enfant europe : https://www.marketscreener.com/quote/stock/INFINEON-TECHNOLO; https://www.boerse.de/historische-kurse/Infineon-Aktie/DE000; https://www.onvista.de/aktien/Infineon-Aktie-DE0006231004
VACN,VAT Group AG,Europe,Switzerland,CHF,SIX VACN (CHF),No - Swiss company (outside EU/EEA),IA fonderie et équipement,680.8,2026-09-30,recherche web session enfant (voir research/),23.1,12,Consensus EPS (aktien.guide / finanzen.net / MarketScreener),7.15,10.69,12.63,15.04,,,1.56,2.12,,257.5,727.2,800.0,1,,session enfant europe : https://www.ad-hoc-news.de/boerse/news/corporate-news/vat-gr; https://aktien.guide/kursziel/VAT-Group-CH0311864901; https://www.finanzen.ch/nachrichten/aktien/vat-aktie-kursbew
ENR,Siemens Energy AG,Europe,Germany,EUR,Xetra ENR (EUR),Yes - German company (EU),Électrification et réseaux,142.6,2026-09-30,deep dive du 01/10/2026 (clôture du 30/09/2026),137.7,9,"BPA publié IFRS (pas de non-GAAP ; fy2025 réalisé : communiqué 11/2025 ; fy2026 : Simply Wall St n.d., autre source 4.42 ; fy2027-28 : consensus 28/24 analystes",1.63,4.3,5.3,6.7,,,1.84,1.34,,94.4,191.66,197.32,0,,session enfant europe : https://finance.yahoo.com/quote/ENR.DE/analysis/; https://stocksguide.com/en/forecast/Siemens-Energy-DE000ENER; https://www.finanzen.net/nachricht/aktien/siemens_energy-akt ; deep dive 01/10/2026 (research/deepdives/ENR.md)
SU,Schneider Electric SE,Europe,France,EUR,Euronext Paris SU (EUR),Yes - French company (EU),Électrification et réseaux,292.0,2026-09-30,recherche web session enfant (voir research/),186.2,12,"Consensus adjusted net EPS (Boursorama consensus, 28 Sep 2026)",8.59,10.21,12.37,,,,,1.46,,,,,0,,session enfant europe : https://www.boursorama.com/cours/consensus/1rPSU/; https://www.boursorama.com/cours/1rPSU/; https://extraetf.com/fr/stock-profile/FR0000121972
PRY,Prysmian S.p.A.,Europe,Italy,EUR,Milan PRY (EUR),Yes - Italian company (EU),Électrification et réseaux,124.0,2026-09-30,recherche web session enfant (voir research/),43.7,12,Consensus adjusted EPS (StocksGuide 2026; Yahoo 2027 in USD-equivalent; MarketSc,,4.88,5.93,6.0,,,0.94,0.69,,72.74,157.25,156.06,0,,session enfant europe : https://stocksguide.com/en/forecast/Prysmian-IT0004176001; https://finance.yahoo.com/markets/stocks/articles/earnings-w; https://stockanalysis.com/quote/bit/PRY/forecast/
LR,Legrand SA,Europe,France,EUR,Euronext Paris LR (EUR),Yes - French company (EU),Électrification et réseaux,141.6,2026-09-30,recherche web session enfant (voir research/),40.1,12,Consensus adjusted net EPS (EasyBourse / Boursorama),5.11,5.94,6.65,,,,1.14,1.69,,121.95,166.95,,0,,session enfant europe : https://www.easybourse.com/action-consensus/legrand/FR001030; https://www.boursorama.com/cours/1rPLR/; https://extraetf.com/fr/stock-profile/FR0010307819
RHM,Rheinmetall AG,Europe,Germany,EUR,Xetra RHM (EUR),Yes - German company (EU),Défense,956.4,2026-09-30,deep dive du 01/10/2026 (clôture du 30/09/2026),52.5,12,IFRS EPS from continuing operations in EUR (no separate non-GAAP EPS published); FY = calendar year. FY2025 realised 25.28 (Rheinmetall 2026-03-11); consensus 2,25.28,37.09,53.57,74.5,97.66,,2.13,1.16,,904.3,2007.0,1500.0,0,,session enfant europe : https://aktien.guide/kursziel/Rheinmetall-DE0007030009; https://www.finanzen.net/nachricht/aktien/rheinmetall-aktie-; https://www.onvista.de/aktien/kennzahlen/Rheinmetall-Aktie-D ; deep dive 01/10/2026 (research/deepdives/RHM.md)
LDO,Leonardo S.p.A.,Europe,Italy,EUR,Milan LDO (EUR),Yes - Italian company (EU),Défense,49.0,2026-09-30,recherche web session enfant (voir research/),32.0,12,"Consensus EPS (Yahoo LDO.MI, 13 analysts; 2028 from 20 analysts per another sour",,2.39,2.86,3.3,,,0.36,1.28,,44.25,66.26,69.4,0,,session enfant europe : https://finance.yahoo.com/quote/LDO.MI/analysis/; https://valueinvesting.io/LDO.MI/estimates; https://www.stockopedia.com/share-prices/leonardo-BIT:LDO/
HAG,HENSOLDT AG,Europe,Germany,EUR,Xetra HAG (EUR),Yes - German company (EU),Défense,76.68,2026-09-30,recherche web session enfant (voir research/),9.9,12,Consensus EPS (aktien.guide); other sources show 1.85 (2026) and 2.10 (2027),0.77,1.87,2.48,3.26,,,,0.94,,63.18,117.7,,0,,session enfant europe : https://aktien.guide/kursziel/Hensoldt-DE000HAG0005; https://www.finanzen.ch/nachrichten/aktien/hensoldt-aktie-ku; https://www.ad-hoc-news.de/boerse/news/nachboerse/hensoldt-a
SAAB B,Saab AB,Europe,Sweden,SEK,Stockholm SAAB B (SEK),Yes - Swedish company (EU),Défense,617.8,2026-09-30,recherche web session enfant (voir research/),31.8,12,"Consensus EPS (Yahoo SAAB-B.ST, 10/9 analysts, post-split share basis)",,14.34,17.93,,,,1.29,0.39,,445.1,748.8,,0,,session enfant europe : https://finance.yahoo.com/quote/SAAB-B.ST/analysis/; https://fintel.io/sv/sfo/se/saab%20b; https://www.marketscreener.com/quote/stock/SAAB-AB-6491624/
RR.,Rolls-Royce Holdings plc,Europe,United Kingdom,GBp,LSE RR. (GBp),No - UK company (outside EU since Brexit),Aéronautique,1461.6,2026-09-30,recherche web session enfant (voir research/),163.2,12,"Company-compiled analyst consensus underlying EPS (15 submissions, September 202",,43.7,49.7,58.1,,,1.19,0.75,,1019.0,1585.2,,0,,session enfant europe : https://www.rolls-royce.com/investors/analyst-consensus.aspx; https://stockanalysis.com/quote/lon/RR/history/; https://www.investing.com/equities/rolls-royce
SAF,Safran SA,Europe,France,EUR,Euronext Paris SAF (EUR),Yes - French company (EU),Aéronautique,334.4,2026-09-30,recherche web session enfant (voir research/),155.4,12,"Consensus adjusted net EPS (Boursorama consensus, 28 Sep 2026)",7.6,10.34,13.15,,,,0.96,0.93,,262.6,366.5,389.5,0,,session enfant europe : https://www.boursorama.com/cours/consensus/1rPSAF/; https://www.boursorama.com/cours/historique/1rPSAF; https://www.investisseurs-heureux.fr/bourse_saf.pa
AIR,Airbus SE,Europe,France/Netherlands,EUR,Euronext Paris AIR (EUR),"Yes - Dutch-registered, France-based (EU)",Aéronautique,190.62,2026-09-30,recherche web session enfant (voir research/),172.9,12,Consensus adjusted net EPS (Boursorama consensus),6.61,7.29,8.62,,,,0.88,1.66,,157.42,221.3,,0,,session enfant europe : https://www.boursorama.com/cours/consensus/1rPAIR/; https://www.boursorama.com/cours/1rPAIR/; https://www.investisseurs-heureux.fr/bourse_air.pa
KOG,Kongsberg Gruppen ASA,Europe,Norway,NOK,Oslo KOG (NOK),Yes - Norway is EEA (eligible for PEA),Défense,305.3,2026-09-29,recherche web session enfant (voir research/),29.3,12,"Consensus EPS (Yahoo KOG.OL, 5-7 analysts; thin coverage)",4.75,7.22,11.28,10.9,,,0.22,1.78,,188.81,352.83,,0,,session enfant europe : https://au.finance.yahoo.com/quote/KOG.OL/analysis/; https://www.investing.com/equities/kongsberg-gruppen-asa; https://stockanalysis.com/quote/osl/KOG/statistics/
ADYEN,Adyen N.V.,Europe,Netherlands,EUR,Euronext Amsterdam ADYEN (EUR),Yes - Dutch company (EU),Fintech émergente,876.6,2026-09-30,recherche web session enfant (voir research/),31.3,12,"Consensus EPS (StockAnalysis/MarketScreener; IFRS net income per share, Adyen ha",33.61,39.1,47.9,58.8,,16.7,1.88,0.0,,772.4,1600.8,,0,,session enfant europe : https://stockanalysis.com/quote/ams/ADYEN/forecast/; https://simplywall.st/stocks/nl/diversified-financials/ams-a; https://www.marketscreener.com/quote/stock/ADYEN-N-V-4421192
SPOT,Spotify Technology,États-Unis,Luxembourg / Sweden,USD,NYSE,Yes - Luxembourg company (EU) despite NYSE listing (check broker),Consommation et divertissement,487.38,2026-09-30,recherche web session enfant (voir research/),101.49,12,"IFRS diluted EPS (consensus en USD pour 2026/2028, EUR pour 2027)",,14.29,15.95,19.81,,,1.59,0.0,3,405.0,721.67,598.33,0,,"session enfant us : https://robinhood.com/us/en/stocks/SPOT/; https://finance.yahoo.com/quote/SPOT/; https://www.sec.gov/Archives/edgar/data/0001639920/000114036 ; consensus USD (2026 14,29 $, 2027 15,95 $, 2028 19,81 $) retenu à la place du consensus en EUR"
FLUT,Flutter Entertainment plc,Europe,Ireland/UK,USD,NYSE FLUT (USD),Yes - Irish-incorporated company (EU) (check broker),Consommation et divertissement,74.54,2026-09-30,recherche web session enfant (voir research/),17.6,12,Consensus adjusted EPS (StockAnalysis/Yahoo),,5.9,9.01,12.09,,,1.08,0.0,5,89.71,309.41,,0,,session enfant europe : https://stockanalysis.com/stocks/flut/forecast/; https://stockanalysis.com/stocks/flut/; https://finance.yahoo.com/quote/FLUT/key-statistics/
LSEG,London Stock Exchange Group plc,Europe,United Kingdom,GBp,LSE LSEG (GBp),No - UK company,Autres,8182.0,2026-09-29,recherche web session enfant (voir research/),58.1,12,Consensus adjusted EPS (StocksGuide GBP; alternative 490p/550p/620p series),,463.0,550.0,620.0,,,0.39,1.67,,6684.0,10965.0,,0,,session enfant europe : https://stocksguide.com/en/forecast/London-Stock-Exchange-GB; https://valueinvesting.io/LSEG.L/estimates; https://www.marketscreener.com/news/london-stock-exchange-gr
PGHN,Partners Group Holding AG,Europe,Switzerland,CHF,SIX PGHN (CHF),No - Swiss company,Autres,602.6,2026-09-30,recherche web session enfant (voir research/),22.5,12,"Consensus EPS (13 analysts, Yahoo/StocksGuide)",,46.46,52.82,,,,0.96,4.68,,671.0,1158.0,,0,,session enfant europe : https://finance.yahoo.com/quote/PGHN.SW/analysis/?p=PGHN.SW; https://www.finanzen.ch/nachrichten/aktien/partners_group-ak; https://www.onvista.de/aktien/kennzahlen/PARTNERS-GROUP-HOLD
ARGX,argenx SE,Europe,Belgium/Netherlands,EUR,Euronext Brussels ARGX (EUR),Yes - Dutch SE headquartered in Belgium (EU),Santé,848.8,2026-09-30,recherche web session enfant (voir research/),60.7,12,Consensus EPS in EUR (MarketScreener); USD ADR consensus 2026 $29.03 / 2027 $39.,,24.4,31.0,40.0,,,-0.02,0.0,2,661.85,1072.75,846.68,0,,session enfant europe : https://www.marketscreener.com/quote/stock/ARGENX-SE-1691167; https://finance.yahoo.com/quote/ARGX/analysis/; https://www.beursduivel.be/Aandeel-Koers/60013875/arGEN-X.as
LONN,Lonza Group AG,Europe,Switzerland,CHF,SIX LONN (CHF),No - Swiss company,Santé,581.0,2026-09-30,recherche web session enfant (voir research/),46.0,12,Consensus CORE EPS (StocksGuide / ad-hoc-news); 2025 reported EPS was negative (,,18.22,21.66,25.87,,,0.83,0.9,,454.6,597.8,,0,,session enfant europe : https://www.ad-hoc-news.de/boerse/news/corporate-news/lonza-; https://stocksguide.com/en/forecast/Lonza-CH0013841017; https://www.finanzen.ch/nachrichten/aktien/lonza-aktie-kursb
GALD,Galderma Group AG,Europe,Switzerland,CHF,SIX GALD (CHF),No - Swiss company,Santé,165.85,2026-09-30,recherche web session enfant (voir research/),47.6,12,Consensus core EPS converted to CHF (StocksGuide 2026 CHF 3.63; MarketScreener c,,3.63,4.98,,,,0.35,0.22,,133.93,202.02,,0,,session enfant europe : https://stocksguide.com/en/forecast/Galderma-CH1335392721; https://www.marketscreener.com/quote/stock/GALDERMA-GROUP-AG; https://www.finanzen.ch/nachrichten/aktien/galderma-aktie-ku
UCB,UCB SA,Europe,Belgium,EUR,Euronext Brussels UCB (EUR),Yes - Belgian company (EU),Santé,205.1,2026-09-30,recherche web session enfant (voir research/),48.68,12,Consensus core EPS (EUR; capitalinsights / company core EPS definition); Yahoo U,,11.87,13.7,16.38,,,0.18,0.68,,,,,0,,session enfant europe : https://capitalinsights.eu/equity-research/2026/ucb-stock-an; https://finance.yahoo.com/quote/UCB.BR/analysis/; https://www.beurs.nl/Aandeel-Koers/60114926/UCB.aspx
RMS,Hermès International,Europe,France,EUR,Euronext Paris RMS (EUR),Yes - French company (EU),Consommation et divertissement,1336.5,2026-09-30,recherche web session enfant (voir research/),166.5,12,Consensus net EPS (EasyBourse / Zonebourse),43.07,44.64,51.77,,,,1.0,1.35,,1298.5,2300.0,1470.0,0,,session enfant europe : https://www.easybourse.com/action-consensus/hermes-intl/FR00; https://www.optionfinance.fr/info-financiere-en-continu/d/20; https://www.boursorama.com/cours/1rPRMS/
RACE,Ferrari N.V.,Europe,Italy/Netherlands,EUR,Milan RACE (EUR),Yes - Dutch-registered company (EU),Consommation et divertissement,349.2,2026-09-30,recherche web session enfant (voir research/),91.58,12,"Company adjusted diluted EPS basis; consensus 2027 EUR 10.74 (12 analysts, Yahoo",10.11,9.68,10.74,,,,0.96,1.07,3,312.51,504.49,,0,,session enfant europe : https://finance.yahoo.com/quote/RACE/analysis/; https://www.cnbc.com/2026/07/30/ferrari-race-earnings-q2-202; https://www.google.com/finance/quote/RACE:BIT?hl=it
BC,Brunello Cucinelli S.p.A.,Europe,Italy,EUR,Milan BC (EUR),Yes - Italian company (EU),Consommation et divertissement,81.22,2026-09-30,recherche web session enfant (voir research/),6.59,12,Consensus EPS (StocksGuide / Yahoo BC.MI),1.99,2.28,2.62,,,,0.93,1.27,,69.02,102.4,,0,,session enfant europe : https://stocksguide.com/en/forecast/Brunello-Cucinelli-Spa-I; https://beta.finance.yahoo.com/quote/BC.MI/analysis/; https://www.teleborsa.it/azioni/brunello-cucinelli-bc-it0004
ALC,Alcon Inc.,Europe,Switzerland,CHF,SIX ALC (CHF) or NYSE ALC (USD),No - Swiss company,Santé,53.98,2026-09-30,recherche web session enfant (voir research/),35.19,12,Consensus core diluted EPS in USD (company reporting currency); SIX price in CHF,2.5655989999999997,2.899879,3.317729,,,,0.41,0.49,3,61.84,90.41,,0,,session enfant europe : https://finance.yahoo.com/quote/ALC/analysis/; https://www.finanzen.ch/nachrichten/aktien/alcon-aktie-kursb; https://finance.yahoo.com/quote/ALC/key-statistics/ ; BPA convertis de USD en CHF au change du 30/09/2026
SRT3,Sartorius AG (preference shares),Europe,Germany,EUR,"Xetra SRT3 (EUR, Vorzugsaktie)",Yes - German company (EU),Santé,259.4,2026-09-30,recherche web session enfant (voir research/),18.3,12,"Consensus underlying EPS (aktien.guide / StocksGuide, 15 analysts); 2025 reporte",2.24,5.6,7.06,8.09,,,,0.3,,191.75,264.6,310.0,0,,session enfant europe : https://aktien.guide/kursziel/Sartorius-Vz-DE0007165631; https://www.marketscreener.com/quote/stock/SARTORIUS-AG-4365; https://www.onvista.de/aktien/kennzahlen/Sartorius-AG-Aktie-
GEV,GE Vernova,États-Unis,US,USD,NYSE,,IA énergie et refroidissement,962.49,2026-09-30,recherche web session enfant (voir research/),252.96,12,GAAP diluted EPS (consensus) ; société guide sur EBITDA ajusté et FCF,17.69,14.72,22.21,30.52,,,0.94,0.21,3,530.16,1195.94,1171.87,0,,session enfant us : https://www.investing.com/equities/ge-vernova-llc; https://www.marketbeat.com/instant-alerts/price-ge-vernova-n; https://stockanalysis.com/stocks/gev/forecast/
CLS,Celestica,États-Unis,Canada,USD,NYSE / TSX,,IA calcul,361.43,2026-09-30,recherche web session enfant (voir research/),41.71,12,non-GAAP (adjusted EPS),6.05,11.24,14.96,19.75,,,1.46,,1,173.23,474.03,477.22,1,,session enfant us : https://stockanalysis.com/stocks/cls/statistics/; https://seekingalpha.com/news/4619751-celestica-projects-20_; https://finance.yahoo.com/markets/stocks/articles/zacks-inve
NBIS,Nebius Group,États-Unis,Netherlands,USD,Nasdaq,,Autres,241.88,2026-09-30,recherche web session enfant (voir research/),66.3,12,GAAP (pertes) ; ajusté publié par la société,,-2.17,-0.99,0.06,,,1.46,,,73.52,299.86,283.58,1,,session enfant us : https://stockanalysis.com/stocks/nbis/; https://finance.yahoo.com/technology/ai/articles/nebius-q2-2; https://stockanalysis.com/stocks/nbis/forecast/
CRWV,CoreWeave,États-Unis,US,USD,Nasdaq,,Autres,87.12,2026-09-30,recherche web session enfant (voir research/),48.05,12,GAAP / ajusté (pertes),,-3.57,-1.3,2.33,,,7.45,,,60.55,153.2,138.78,1,,session enfant us : https://www.investing.com/equities/coreweave; https://www.marketbeat.com/instant-alerts/price-coreweave-na; https://www.investing.com/news/company-news/coreweave-q2-202
HIMS,Hims & Hers Health,États-Unis,US,USD,NYSE,,Santé,30.75,2026-09-30,recherche web session enfant (voir research/),7.13,12,GAAP (pertes 2026),,-0.56,0.42,,,,2.42,,3,13.74,65.3,32.43,0,,session enfant us : https://www.investing.com/equities/oaktree-acquisition-corp; https://finance.yahoo.com/quote/HIMS/analysis/
NTRA,Natera,États-Unis,US,USD,Nasdaq,,Autres,413.31,2026-09-30,recherche web session enfant (voir research/),59.35,12,GAAP (pertes),,-1.71,-0.2,1.5,,,1.54,,3,157.43,417.38,355.93,0,,session enfant us : https://stockanalysis.com/stocks/ntra/; https://valueinvesting.io/NTRA/estimates; https://finance.yahoo.com/news/know-natera-ntra-rating-upgra
PODD,Insulet,États-Unis,US,USD,Nasdaq,,Santé,130.47,2026-09-30,recherche web session enfant (voir research/),9.05,12,non-GAAP (adjusted EPS),4.97,6.45,7.99,,,,1.08,,,126.4,354.88,171.91,0,,session enfant us : https://finance.yahoo.com/quote/PODD/; https://stockanalysis.com/stocks/podd/forecast/; https://finance.yahoo.com/healthcare/articles/insulets-q2-20
TMDX,TransMedics Group,États-Unis,US,USD,Nasdaq,,Autres,83.45,2026-09-30,recherche web session enfant (voir research/),2.9,12,non-GAAP (adjusted EPS) selon consensus,,1.97,3.2,4.63,,,1.92,,5,60.11,156.0,97.3,0,,session enfant us : https://robinhood.com/us/en/stocks/TMDX/; https://stockanalysis.com/stocks/tmdx/forecast/; https://finance.yahoo.com/markets/stocks/articles/transmedic
ISRG,Intuitive Surgical,États-Unis,US,USD,Nasdaq,,Autres,406.63,2026-09-30,recherche web session enfant (voir research/),143.6,12,non-GAAP,,10.99,12.33,13.91,,,1.46,,3,328.58,603.75,476.34,0,,session enfant us : https://stockanalysis.com/stocks/isrg/; https://stockanalysis.com/stocks/isrg/forecast/; https://www.massdevice.com/intuitive-q2-2026-beats-procedure
RKLB,Rocket Lab,États-Unis,US,USD,Nasdaq,,Défense,69.68,2026-09-30,recherche web session enfant (voir research/),41.7,12,GAAP (pertes),,-0.27,-0.03,0.29,,,2.61,,,37.57,151.0,109.37,0,,session enfant us : https://stockanalysis.com/stocks/rklb/; https://trendspider.com/blog/rklb-stock-q2-earnings-neutron-
AXON,Axon Enterprise,États-Unis,US,USD,Nasdaq,,Autres,430.11,2026-09-30,recherche web session enfant (voir research/),36.55,12,non-GAAP (adjusted EPS),,7.82,10.85,13.91,,,1.4,,3,339.01,792.16,706.21,0,,session enfant us : https://stockanalysis.com/stocks/axon/; https://www.prnewswire.com/news-releases/axon-reports-q2-202; https://stockanalysis.com/stocks/axon/forecast/
SHOP,Shopify,États-Unis,Canada,USD,Nasdaq / TSX,,Internet et IA applicative,148.3,2026-09-30,recherche web session enfant (voir research/),190.81,12,GAAP diluted EPS (consensus) ; inclut gains/pertes sur participations,,1.93,2.5,3.42,,,2.62,,3,94.0,182.19,172.77,0,,session enfant us : https://stockanalysis.com/stocks/shop/; https://stockanalysis.com/stocks/shop/forecast/; https://finance.yahoo.com/markets/stocks/articles/shopify-pl
DASH,DoorDash,États-Unis,US,USD,Nasdaq,,Internet et IA applicative,183.55,2026-09-30,recherche web session enfant (voir research/),79.532,12,GAAP diluted EPS (consensus),2.13,2.58,4.46,7.1,,,1.79,,3,143.3,285.5,256.26,0,,session enfant us : https://finance.yahoo.com/quote/DASH/; https://stockanalysis.com/stocks/dash/forecast/; https://ir.doordash.com/news/news-details/2026/DoorDash-Rele
COIN,Coinbase Global,États-Unis,US,USD,Nasdaq,,Fintech émergente,186.41,2026-09-30,recherche web session enfant (voir research/),49.182,12,GAAP diluted EPS (consensus) ; inclut réévaluations crypto,,-2.05,2.79,,,,3.39,,3,139.11,402.16,207.35,1,,session enfant us : https://finance.yahoo.com/quote/COIN/; https://finance.yahoo.com/markets/crypto/articles/coinbase-q; https://stockanalysis.com/stocks/coin/forecast/
IBKR,Interactive Brokers Group,États-Unis,US,USD,Nasdaq,,Fintech émergente,86.18,2026-09-30,recherche web session enfant (voir research/),148.15,12,"non-GAAP (adjusted EPS, hors diversification de devises et autres)",2.19,2.68,3.17,3.55,,,1.36,0.41,3,58.95,98.75,105.82,1,,session enfant us : https://www.investing.com/equities/interactive-broke; https://finance.yahoo.com/markets/stocks/articles/ibkr-q2-ea; https://stockanalysis.com/stocks/ibkr/forecast/
ETN,Eaton,États-Unis,Ireland / US,USD,NYSE,,IA énergie et refroidissement,429.71,2026-09-30,recherche web session enfant (voir research/),168.22,12,non-GAAP (adjusted EPS),12.07,13.35,15.71,,,,1.17,1.0,2,311.92,478.0,456.5,1,,session enfant us : https://www.investing.com/equities/eaton; https://www.defenseworld.net/2026/09/30/eaton-corporation-pl; https://finance.yahoo.com/markets/stocks/articles/heres-expe
NOW,ServiceNow,États-Unis,US,USD,NYSE,,Autres,133.86,2026-09-30,recherche web session enfant (voir research/),137.72,12,non-GAAP (post-division 5:1),,4.17,5.08,6.16,,,0.97,,3,81.24,192.97,155.0,0,,session enfant us : https://www.investing.com/equities/servicenow-inc; https://stockanalysis.com/stocks/now/forecast/; https://www.tikr.com/blog/servicenow-stock-analysis-142-mean
CRWD,CrowdStrike Holdings,États-Unis,US,USD,Nasdaq,,Autres,264.75,2026-09-30,recherche web session enfant (voir research/),271.087,1,non-GAAP (post-division d'actions),,,1.26,1.61,,,1.25,,4,85.68,268.95,235.67,0,,session enfant us : https://stockanalysis.com/stocks/crwd/; https://www.sec.gov/Archives/edgar/data/0001535527/000153552; https://www.cnbc.com/2026/08/26/crowdstrike-crwd-earnings-q2
NET,Cloudflare,États-Unis,US,USD,NYSE,,Autres,350.18,2026-09-30,recherche web session enfant (voir research/),124.69,12,non-GAAP,0.93,1.26,1.67,2.32,,,1.66,,3,158.83,367.43,200.0,0,,session enfant us : https://www.investing.com/equities/cloudflare-inc; https://finance.yahoo.com/markets/stocks/articles/cloudflare; https://www.sec.gov/Archives/edgar/data/1477333/000147733326
DDOG,Datadog,États-Unis,US,USD,Nasdaq,,Autres,273.85,2026-09-30,recherche web session enfant (voir research/),99.47,12,non-GAAP,2.05,2.52,3.05,3.77,,,1.49,,3,98.01,292.72,286.26,0,,session enfant us : https://robinhood.com/us/en/stocks/DDOG/; https://simplywall.st/stocks/us/software/nasdaq-ddog/datadog; https://www.sec.gov/Archives/edgar/data/1561550/000162828026
VRTX,Vertex Pharmaceuticals,États-Unis,US,USD,Nasdaq,,Autres,522.81,2026-09-30,recherche web session enfant (voir research/),132.51,12,non-GAAP,18.4,18.86,21.62,24.9,,,0.28,,3,385.86,560.25,571.39,0,,session enfant us : https://stockanalysis.com/stocks/vrtx/; https://investors.vrtx.com/news-releases/news-release-detail; https://www.easternprogress.com/vrtx-q2-earnings-call-highli
ALNY,Alnylam Pharmaceuticals,États-Unis,US,USD,Nasdaq,,Santé,246.74,2026-09-30,recherche web session enfant (voir research/),31.57,12,"BPA non-GAAP dilué, exercice calendaire ; 2025 réalisé (communiqué 12/02/2026) ; 2026-2027 consensus Yahoo (14 analystes, sept. 2026) ; 2028-2029 StockAnalysis ",5.08,8.85,12.47,14.44,18.82,,1.0774,0.0,3,205.87,495.55,367.2,0,,session enfant us : https://www.wallstreetzen.com/stocks/us/nasdaq/alny; https://finance.yahoo.com/healthcare/articles/alny-stock-tan; https://stockanalysis.com/stocks/alny/forecast/ ; deep dive 01/10/2026 (research/deepdives/ALNY.md)
TTWO,Take-Two Interactive,États-Unis,US,USD,Nasdaq,,Autres,207.5,2026-09-30,recherche web session enfant (voir research/),38.8,3,GAAP diluted EPS (consensus Barchart) ; société guide en net bookings,,2.75,5.21,8.47,,,0.97,,3,187.63,265.94,286.44,1,,session enfant us : https://stockanalysis.com/stocks/ttwo/; https://finance.yahoo.com/markets/stocks/articles/expect-two; https://www.marketbeat.com/instant-alerts/take-two-interacti
ABNB,Airbnb,États-Unis,US,USD,Nasdaq,,Autres,160.65,2026-09-30,recherche web session enfant (voir research/),96.195,12,GAAP diluted EPS (consensus),,5.31,6.21,7.37,,,1.16,,3,110.81,193.45,184.35,1,,session enfant us : https://finance.yahoo.com/quote/ABNB/; https://stockanalysis.com/stocks/abnb/forecast/; https://www.cnbc.com/2026/08/06/airbnb-abnb-q2-earningsrepor
