ticker,name,weight_pct
NVDA,NVIDIA Corp,8.85
AAPL,Apple Inc,7.46
GOOGL,Alphabet Inc (C),6.04
MSFT,Microsoft Corp,5.91
MU,Micron Technology Inc,5.03
AMZN,Amazon.com Inc,4.42
AMD,Advanced Micro Devices Inc,3.41
META,Meta Platforms Inc,2.9
TSLA,Tesla Inc,2.81
AVGO,Broadcom Inc,2.69
WMT,Walmart Inc,2.3
INTC,Intel Corp,2.11
CSCO,Cisco Systems Inc,1.89
COST,Costco Wholesale Corp,1.78
PLTR,Palantir Technologies Inc,1.75
LRCX,Lam Research Corp,1.69
AMAT,Applied Materials Inc,1.58
NFLX,Netflix Inc,1.44
SPCX,Space Exploration Technologies Corp,1.24
PANW,Palo Alto Networks Inc,1.19
SNDK,Sandisk Corp,1.13
KLAC,KLA Corp,1.06
AMGN,Amgen Inc,1.04
TXN,Texas Instruments Inc,1.03
LIN,Linde PLC,0.97
CRWD,Crowdstrike Holdings Inc,0.95
TMUS,T-Mobile US Inc,0.87
MRVL,Marvell Technology Inc,0.86
STX,Seagate Technology Holdings PLC,0.83
PEP,PepsiCo Inc,0.83
GILD,Gilead Sciences Inc,0.82
SHOP,Shopify Inc,0.78
ADI,Analog Devices Inc,0.78
QCOM,QUALCOMM Inc,0.78
WDC,Western Digital Corp,0.71
ASML,ASML Holding NV,0.69
BKNG,Booking Holdings Inc,0.66
VRTX,Vertex Pharmaceuticals Inc,0.61
ISRG,Intuitive Surgical Inc,0.57
SBUX,Starbucks Corp,0.52
FTNT,Fortinet Inc,0.5
ADP,Automatic Data Processing Inc,0.49
CEG,Constellation Energy Corp,0.47
ARM,ARM Holdings PLC,0.47
ADBE,Adobe Inc,0.47
MELI,MercadoLibre Inc,0.44
APP,AppLovin Corp,0.43
CMCSA,Comcast Corp,0.41
CSX,CSX Corp,0.4
INTU,Intuit Inc,0.4
MAR,Marriott International Inc,0.39
MNST,Monster Beverage Corp,0.38
DASH,DoorDash Inc,0.38
REGN,Regeneron Pharmaceuticals Inc,0.37
CDNS,Cadence Design Systems Inc,0.35
CTAS,Cintas Corp,0.35
MDLZ,Mondelez International Inc,0.34
ABNB,Airbnb Inc,0.33
ROST,Ross Stores Inc,0.33
SNPS,Synopsys Inc,0.33
ORLY,O'Reilly Automotive Inc,0.32
DDOG,Datadog Inc,0.31
WBD,Warner Bros Discovery Inc,0.31
LITE,Lumentum Holdings Inc,0.3
AEP,American Electric Power Co Inc,0.3
PCAR,PACCAR Inc,0.29
HON,Honeywell International Inc,0.29
BKR,Baker Hughes Co,0.28
MPWR,Monolithic Power Systems Inc,0.26
FAST,Fastenal Co,0.25
NXPI,NXP Semiconductors NV,0.25
TER,Teradyne Inc,0.25
FANG,Diamondback Energy Inc,0.25
PDD,PDD Holdings Inc,0.24
ALAB,Astera Labs Inc,0.23
HONA,Honeywell Aerospace Inc,0.22
NBIS,Nebius Group NV,0.22
XEL,Xcel Energy Inc,0.21
CCEP,Coca-Cola Europacific Partners PLC,0.21
MSTR,Strategy Inc,0.21
PYPL,PayPal Holdings Inc,0.21
ADSK,Autodesk Inc,0.2
EXC,Exelon Corp,0.2
PAYX,Paychex Inc,0.19
KDP,Keurig Dr Pepper Inc,0.19
IDXX,IDEXX Laboratories Inc,0.19
FER,Ferrovial NV,0.18
TRI,Thomson Reuters Corp,0.18
CRWV,CoreWeave Inc,0.18
ROP,Roper Technologies Inc,0.18
MCHP,Microchip Technology Inc,0.18
AXON,Axon Enterprise Inc,0.18
TTWO,Take-Two Interactive Software Inc,0.17
ODFL,Old Dominion Freight Line Inc,0.17
WDAY,Workday Inc,0.17
RKLB,Rocket Lab Corp,0.16
ALNY,Alnylam Pharmaceuticals Inc,0.16
DXCM,Dexcom Inc,0.15
CPRT,Copart Inc,0.14
